,mpg,cyl,disp,hp,drat,wt,qsec,vs,am,gear,carb
Mazda RX4,21.0,6,160.0,110,3.9,2.62,16.46,0,1,4,4
Mazda RX4 Wag,21.0,6,160.0,110,3.9,2.875,17.02,0,1,4,4
Datsun 710,22.8,4,108.0,93,3.85,2.32,18.61,1,1,4,1
Hornet 4 Drive,21.4,6,258.0,110,3.08,3.215,19.44,1,0,3,1
Hornet Sportabout,18.7,8,360.0,175,3.15,3.44,17.02,0,0,3,2
Valiant,18.1,6,225.0,105,2.76,3.46,20.22,1,0,3,1
Duster 360,14.3,8,360.0,245,3.21,3.57,15.84,0,0,3,4
Merc 240D,24.4,4,146.7,62,3.69,3.19,20.0,1,0,4,2
Merc 230,22.8,4,140.8,95,3.92,3.15,22.9,1,0,4,2
Merc 280,19.2,6,167.6,123,3.92,3.44,18.3,1,0,4,4
Merc 280C,17.8,6,167.6,123,3.92,3.44,18.9,1,0,4,4
Merc 450SE,16.4,8,275.8,180,3.07,4.07,17.4,0,0,3,3
Merc 450SL,17.3,8,275.8,180,3.07,3.73,17.6,0,0,3,3
Merc 450SLC,15.2,8,275.8,180,3.07,3.78,18.0,0,0,3,3
Cadillac Fleetwood,10.4,8,472.0,205,2.93,5.25,17.98,0,0,3,4
Lincoln Continental,10.4,8,460.0,215,3.0,5.424,17.82,0,0,3,4
Chrysler Imperial,14.7,8,440.0,230,3.23,5.345,17.42,0,0,3,4
Fiat 128,32.4,4,78.7,66,4.08,2.2,19.47,1,1,4,1
Honda Civic,30.4,4,75.7,52,4.93,1.615,18.52,1,1,4,2
Toyota Corolla,33.9,4,71.1,65,4.22,1.835,19.9,1,1,4,1
Toyota Corona,21.5,4,120.1,97,3.7,2.465,20.01,1,0,3,1
Dodge Challenger,15.5,8,318.0,150,2.76,3.52,16.87,0,0,3,2
AMC Javelin,15.2,8,304.0,150,3.15,3.435,17.3,0,0,3,2
Camaro Z28,13.3,8,350.0,245,3.73,3.84,15.41,0,0,3,4
Pontiac Firebird,19.2,8,400.0,175,3.08,3.845,17.05,0,0,3,2
Fiat X1-9,27.3,4,79.0,66,4.08,1.935,18.9,1,1,4,1
Porsche 914-2,26.0,4,120.3,91,4.43,2.14,16.7,0,1,5,2
Lotus Europa,30.4,4,95.1,113,3.77,1.513,16.9,1,1,5,2
Ford Pantera L,15.8,8,351.0,264,4.22,3.17,14.5,0,1,5,4
Ferrari Dino,19.7,6,145.0,175,3.62,2.77,15.5,0,1,5,6
Maserati Bora,15.0,8,301.0,335,3.54,3.57,14.6,0,1,5,8
Volvo 142E,21.4,4,121.0,109,4.11,2.78,18.6,1,1,4,2
Ferrari Dino_gen0,19.7,6,145.0,175,3.62,2.77,15.5,0,1,5,6
Merc 280C_gen1,17.8,6,167.6,123,3.92,3.44,18.9,1,0,4,4
Pontiac Firebird_gen2,19.2,8,400.0,175,3.08,3.845,17.05,0,0,3,2
Merc 450SLC_gen3,15.2,8,275.8,180,3.07,3.78,18.0,0,0,3,3
Porsche 914-2_gen4,26.0,4,120.3,91,4.43,2.14,16.7,0,1,5,2
Toyota Corona_gen5,21.5,4,120.1,97,3.7,2.465,20.01,1,0,3,1
Merc 230_gen6,22.8,4,140.8,95,3.92,3.15,22.9,1,0,4,2
Merc 450SE_gen7,16.4,8,275.8,180,3.07,4.07,17.4,0,0,3,3
Duster 360_gen8,14.3,8,360.0,245,3.21,3.57,15.84,0,0,3,4
Lotus Europa_gen9,30.4,4,95.1,113,3.77,1.513,16.9,1,1,5,2
Fiat 128_gen10,32.4,4,78.7,66,4.08,2.2,19.47,1,1,4,1
Lincoln Continental_gen11,10.4,8,460.0,215,3.0,5.424,17.82,0,0,3,4
Datsun 710_gen12,22.8,4,108.0,93,3.85,2.32,18.61,1,1,4,1
Pontiac Firebird_gen13,19.2,8,400.0,175,3.08,3.845,17.05,0,0,3,2
Honda Civic_gen14,30.4,4,75.7,52,4.93,1.615,18.52,1,1,4,2
Valiant_gen15,18.1,6,225.0,105,2.76,3.46,20.22,1,0,3,1
Toyota Corolla_gen16,33.9,4,71.1,65,4.22,1.835,19.9,1,1,4,1
Merc 280C_gen17,17.8,6,167.6,123,3.92,3.44,18.9,1,0,4,4
Volvo 142E_gen18,21.4,4,121.0,109,4.11,2.78,18.6,1,1,4,2
Merc 280C_gen19,17.8,6,167.6,123,3.92,3.44,18.9,1,0,4,4
Maserati Bora_gen20,15.0,8,301.0,335,3.54,3.57,14.6,0,1,5,8
Pontiac Firebird_gen21,19.2,8,400.0,175,3.08,3.845,17.05,0,0,3,2
Volvo 142E_gen22,21.4,4,121.0,109,4.11,2.78,18.6,1,1,4,2
AMC Javelin_gen23,15.2,8,304.0,150,3.15,3.435,17.3,0,0,3,2
Datsun 710_gen24,22.8,4,108.0,93,3.85,2.32,18.61,1,1,4,1
Fiat 128_gen25,32.4,4,78.7,66,4.08,2.2,19.47,1,1,4,1
Lotus Europa_gen26,30.4,4,95.1,113,3.77,1.513,16.9,1,1,5,2
Merc 240D_gen27,24.4,4,146.7,62,3.69,3.19,20.0,1,0,4,2
Fiat X1-9_gen28,27.3,4,79.0,66,4.08,1.935,18.9,1,1,4,1
Fiat 128_gen29,32.4,4,78.7,66,4.08,2.2,19.47,1,1,4,1
Lincoln Continental_gen30,10.4,8,460.0,215,3.0,5.424,17.82,0,0,3,4
Chrysler Imperial_gen31,14.7,8,440.0,230,3.23,5.345,17.42,0,0,3,4
Lotus Europa_gen32,30.4,4,95.1,113,3.77,1.513,16.9,1,1,5,2
Ferrari Dino_gen33,19.7,6,145.0,175,3.62,2.77,15.5,0,1,5,6
Chrysler Imperial_gen34,14.7,8,440.0,230,3.23,5.345,17.42,0,0,3,4
Merc 450SL_gen35,17.3,8,275.8,180,3.07,3.73,17.6,0,0,3,3
Merc 240D_gen36,24.4,4,146.7,62,3.69,3.19,20.0,1,0,4,2
Merc 230_gen37,22.8,4,140.8,95,3.92,3.15,22.9,1,0,4,2
Merc 230_gen38,22.8,4,140.8,95,3.92,3.15,22.9,1,0,4,2
Chrysler Imperial_gen39,14.7,8,440.0,230,3.23,5.345,17.42,0,0,3,4
Datsun 710_gen40,22.8,4,108.0,93,3.85,2.32,18.61,1,1,4,1
Fiat X1-9_gen41,27.3,4,79.0,66,4.08,1.935,18.9,1,1,4,1
Merc 280_gen42,19.2,6,167.6,123,3.92,3.44,18.3,1,0,4,4
Camaro Z28_gen43,13.3,8,350.0,245,3.73,3.84,15.41,0,0,3,4
Camaro Z28_gen44,13.3,8,350.0,245,3.73,3.84,15.41,0,0,3,4
Merc 450SLC_gen45,15.2,8,275.8,180,3.07,3.78,18.0,0,0,3,3
Volvo 142E_gen46,21.4,4,121.0,109,4.11,2.78,18.6,1,1,4,2
Toyota Corolla_gen47,33.9,4,71.1,65,4.22,1.835,19.9,1,1,4,1
Duster 360_gen48,14.3,8,360.0,245,3.21,3.57,15.84,0,0,3,4
Honda Civic_gen49,30.4,4,75.7,52,4.93,1.615,18.52,1,1,4,2
Merc 450SE_gen50,16.4,8,275.8,180,3.07,4.07,17.4,0,0,3,3
AMC Javelin_gen51,15.2,8,304.0,150,3.15,3.435,17.3,0,0,3,2
Merc 450SL_gen52,17.3,8,275.8,180,3.07,3.73,17.6,0,0,3,3
Duster 360_gen53,14.3,8,360.0,245,3.21,3.57,15.84,0,0,3,4
Merc 280C_gen54,17.8,6,167.6,123,3.92,3.44,18.9,1,0,4,4
Lotus Europa_gen55,30.4,4,95.1,113,3.77,1.513,16.9,1,1,5,2
Volvo 142E_gen56,21.4,4,121.0,109,4.11,2.78,18.6,1,1,4,2
Hornet Sportabout_gen57,18.7,8,360.0,175,3.15,3.44,17.02,0,0,3,2
Ferrari Dino_gen58,19.7,6,145.0,175,3.62,2.77,15.5,0,1,5,6
Porsche 914-2_gen59,26.0,4,120.3,91,4.43,2.14,16.7,0,1,5,2
Lotus Europa_gen60,30.4,4,95.1,113,3.77,1.513,16.9,1,1,5,2
Dodge Challenger_gen61,15.5,8,318.0,150,2.76,3.52,16.87,0,0,3,2
Porsche 914-2_gen62,26.0,4,120.3,91,4.43,2.14,16.7,0,1,5,2
Lincoln Continental_gen63,10.4,8,460.0,215,3.0,5.424,17.82,0,0,3,4
Camaro Z28_gen64,13.3,8,350.0,245,3.73,3.84,15.41,0,0,3,4
Merc 450SE_gen65,16.4,8,275.8,180,3.07,4.07,17.4,0,0,3,3
Mazda RX4_gen66,21.0,6,160.0,110,3.9,2.62,16.46,0,1,4,4
Mazda RX4_gen67,21.0,6,160.0,110,3.9,2.62,16.46,0,1,4,4
Datsun 710_gen68,22.8,4,108.0,93,3.85,2.32,18.61,1,1,4,1
Fiat X1-9_gen69,27.3,4,79.0,66,4.08,1.935,18.9,1,1,4,1
Lotus Europa_gen70,30.4,4,95.1,113,3.77,1.513,16.9,1,1,5,2
Fiat 128_gen71,32.4,4,78.7,66,4.08,2.2,19.47,1,1,4,1
Merc 280C_gen72,17.8,6,167.6,123,3.92,3.44,18.9,1,0,4,4
AMC Javelin_gen73,15.2,8,304.0,150,3.15,3.435,17.3,0,0,3,2
Merc 240D_gen74,24.4,4,146.7,62,3.69,3.19,20.0,1,0,4,2
Duster 360_gen75,14.3,8,360.0,245,3.21,3.57,15.84,0,0,3,4
Toyota Corolla_gen76,33.9,4,71.1,65,4.22,1.835,19.9,1,1,4,1
Volvo 142E_gen77,21.4,4,121.0,109,4.11,2.78,18.6,1,1,4,2
Cadillac Fleetwood_gen78,10.4,8,472.0,205,2.93,5.25,17.98,0,0,3,4
Toyota Corona_gen79,21.5,4,120.1,97,3.7,2.465,20.01,1,0,3,1
AMC Javelin_gen80,15.2,8,304.0,150,3.15,3.435,17.3,0,0,3,2
Hornet Sportabout_gen81,18.7,8,360.0,175,3.15,3.44,17.02,0,0,3,2
Pontiac Firebird_gen82,19.2,8,400.0,175,3.08,3.845,17.05,0,0,3,2
Merc 450SLC_gen83,15.2,8,275.8,180,3.07,3.78,18.0,0,0,3,3
Maserati Bora_gen84,15.0,8,301.0,335,3.54,3.57,14.6,0,1,5,8
Cadillac Fleetwood_gen85,10.4,8,472.0,205,2.93,5.25,17.98,0,0,3,4
Ferrari Dino_gen86,19.7,6,145.0,175,3.62,2.77,15.5,0,1,5,6
Merc 230_gen87,22.8,4,140.8,95,3.92,3.15,22.9,1,0,4,2
Merc 280C_gen88,17.8,6,167.6,123,3.92,3.44,18.9,1,0,4,4
Merc 230_gen89,22.8,4,140.8,95,3.92,3.15,22.9,1,0,4,2
Hornet 4 Drive_gen90,21.4,6,258.0,110,3.08,3.215,19.44,1,0,3,1
AMC Javelin_gen91,15.2,8,304.0,150,3.15,3.435,17.3,0,0,3,2
Porsche 914-2_gen92,26.0,4,120.3,91,4.43,2.14,16.7,0,1,5,2
Merc 450SE_gen93,16.4,8,275.8,180,3.07,4.07,17.4,0,0,3,3
Lotus Europa_gen94,30.4,4,95.1,113,3.77,1.513,16.9,1,1,5,2
Merc 240D_gen95,24.4,4,146.7,62,3.69,3.19,20.0,1,0,4,2
Honda Civic_gen96,30.4,4,75.7,52,4.93,1.615,18.52,1,1,4,2
Ferrari Dino_gen97,19.7,6,145.0,175,3.62,2.77,15.5,0,1,5,6
Valiant_gen98,18.1,6,225.0,105,2.76,3.46,20.22,1,0,3,1
Maserati Bora_gen99,15.0,8,301.0,335,3.54,3.57,14.6,0,1,5,8
Hornet 4 Drive_gen100,21.4,6,258.0,110,3.08,3.215,19.44,1,0,3,1
Ferrari Dino_gen101,19.7,6,145.0,175,3.62,2.77,15.5,0,1,5,6
Toyota Corolla_gen102,33.9,4,71.1,65,4.22,1.835,19.9,1,1,4,1
Toyota Corolla_gen103,33.9,4,71.1,65,4.22,1.835,19.9,1,1,4,1
Pontiac Firebird_gen104,19.2,8,400.0,175,3.08,3.845,17.05,0,0,3,2
Merc 450SE_gen105,16.4,8,275.8,180,3.07,4.07,17.4,0,0,3,3
Merc 240D_gen106,24.4,4,146.7,62,3.69,3.19,20.0,1,0,4,2
Lincoln Continental_gen107,10.4,8,460.0,215,3.0,5.424,17.82,0,0,3,4
Datsun 710_gen108,22.8,4,108.0,93,3.85,2.32,18.61,1,1,4,1
Dodge Challenger_gen109,15.5,8,318.0,150,2.76,3.52,16.87,0,0,3,2
Duster 360_gen110,14.3,8,360.0,245,3.21,3.57,15.84,0,0,3,4
Dodge Challenger_gen111,15.5,8,318.0,150,2.76,3.52,16.87,0,0,3,2
Toyota Corolla_gen112,33.9,4,71.1,65,4.22,1.835,19.9,1,1,4,1
Hornet Sportabout_gen113,18.7,8,360.0,175,3.15,3.44,17.02,0,0,3,2
Porsche 914-2_gen114,26.0,4,120.3,91,4.43,2.14,16.7,0,1,5,2
Fiat X1-9_gen115,27.3,4,79.0,66,4.08,1.935,18.9,1,1,4,1
AMC Javelin_gen116,15.2,8,304.0,150,3.15,3.435,17.3,0,0,3,2
Lotus Europa_gen117,30.4,4,95.1,113,3.77,1.513,16.9,1,1,5,2
Merc 450SLC_gen118,15.2,8,275.8,180,3.07,3.78,18.0,0,0,3,3
Valiant_gen119,18.1,6,225.0,105,2.76,3.46,20.22,1,0,3,1
Mazda RX4 Wag_gen120,21.0,6,160.0,110,3.9,2.875,17.02,0,1,4,4
Merc 450SE_gen121,16.4,8,275.8,180,3.07,4.07,17.4,0,0,3,3
Merc 280_gen122,19.2,6,167.6,123,3.92,3.44,18.3,1,0,4,4
AMC Javelin_gen123,15.2,8,304.0,150,3.15,3.435,17.3,0,0,3,2
Merc 240D_gen124,24.4,4,146.7,62,3.69,3.19,20.0,1,0,4,2
Fiat 128_gen125,32.4,4,78.7,66,4.08,2.2,19.47,1,1,4,1
Volvo 142E_gen126,21.4,4,121.0,109,4.11,2.78,18.6,1,1,4,2
Merc 280C_gen127,17.8,6,167.6,123,3.92,3.44,18.9,1,0,4,4
Merc 450SLC_gen128,15.2,8,275.8,180,3.07,3.78,18.0,0,0,3,3
Merc 450SE_gen129,16.4,8,275.8,180,3.07,4.07,17.4,0,0,3,3
Ferrari Dino_gen130,19.7,6,145.0,175,3.62,2.77,15.5,0,1,5,6
Cadillac Fleetwood_gen131,10.4,8,472.0,205,2.93,5.25,17.98,0,0,3,4
Toyota Corona_gen132,21.5,4,120.1,97,3.7,2.465,20.01,1,0,3,1
Porsche 914-2_gen133,26.0,4,120.3,91,4.43,2.14,16.7,0,1,5,2
Hornet Sportabout_gen134,18.7,8,360.0,175,3.15,3.44,17.02,0,0,3,2
Ferrari Dino_gen135,19.7,6,145.0,175,3.62,2.77,15.5,0,1,5,6
Dodge Challenger_gen136,15.5,8,318.0,150,2.76,3.52,16.87,0,0,3,2
Cadillac Fleetwood_gen137,10.4,8,472.0,205,2.93,5.25,17.98,0,0,3,4
Lincoln Continental_gen138,10.4,8,460.0,215,3.0,5.424,17.82,0,0,3,4
Valiant_gen139,18.1,6,225.0,105,2.76,3.46,20.22,1,0,3,1
Merc 240D_gen140,24.4,4,146.7,62,3.69,3.19,20.0,1,0,4,2
Honda Civic_gen141,30.4,4,75.7,52,4.93,1.615,18.52,1,1,4,2
Duster 360_gen142,14.3,8,360.0,245,3.21,3.57,15.84,0,0,3,4
Merc 450SLC_gen143,15.2,8,275.8,180,3.07,3.78,18.0,0,0,3,3
Toyota Corona_gen144,21.5,4,120.1,97,3.7,2.465,20.01,1,0,3,1
Pontiac Firebird_gen145,19.2,8,400.0,175,3.08,3.845,17.05,0,0,3,2
Fiat X1-9_gen146,27.3,4,79.0,66,4.08,1.935,18.9,1,1,4,1
Maserati Bora_gen147,15.0,8,301.0,335,3.54,3.57,14.6,0,1,5,8
Hornet 4 Drive_gen148,21.4,6,258.0,110,3.08,3.215,19.44,1,0,3,1
Ford Pantera L_gen149,15.8,8,351.0,264,4.22,3.17,14.5,0,1,5,4
Ford Pantera L_gen150,15.8,8,351.0,264,4.22,3.17,14.5,0,1,5,4
Lotus Europa_gen151,30.4,4,95.1,113,3.77,1.513,16.9,1,1,5,2
Duster 360_gen152,14.3,8,360.0,245,3.21,3.57,15.84,0,0,3,4
Valiant_gen153,18.1,6,225.0,105,2.76,3.46,20.22,1,0,3,1
Merc 450SLC_gen154,15.2,8,275.8,180,3.07,3.78,18.0,0,0,3,3
Chrysler Imperial_gen155,14.7,8,440.0,230,3.23,5.345,17.42,0,0,3,4
Honda Civic_gen156,30.4,4,75.7,52,4.93,1.615,18.52,1,1,4,2
Mazda RX4_gen157,21.0,6,160.0,110,3.9,2.62,16.46,0,1,4,4
Datsun 710_gen158,22.8,4,108.0,93,3.85,2.32,18.61,1,1,4,1
Fiat X1-9_gen159,27.3,4,79.0,66,4.08,1.935,18.9,1,1,4,1
Duster 360_gen160,14.3,8,360.0,245,3.21,3.57,15.84,0,0,3,4
Merc 280_gen161,19.2,6,167.6,123,3.92,3.44,18.3,1,0,4,4
Lincoln Continental_gen162,10.4,8,460.0,215,3.0,5.424,17.82,0,0,3,4
Duster 360_gen163,14.3,8,360.0,245,3.21,3.57,15.84,0,0,3,4
Duster 360_gen164,14.3,8,360.0,245,3.21,3.57,15.84,0,0,3,4
Cadillac Fleetwood_gen165,10.4,8,472.0,205,2.93,5.25,17.98,0,0,3,4
Merc 450SL_gen166,17.3,8,275.8,180,3.07,3.73,17.6,0,0,3,3
Hornet 4 Drive_gen167,21.4,6,258.0,110,3.08,3.215,19.44,1,0,3,1
Valiant_gen168,18.1,6,225.0,105,2.76,3.46,20.22,1,0,3,1
Ford Pantera L_gen169,15.8,8,351.0,264,4.22,3.17,14.5,0,1,5,4
Honda Civic_gen170,30.4,4,75.7,52,4.93,1.615,18.52,1,1,4,2
Fiat X1-9_gen171,27.3,4,79.0,66,4.08,1.935,18.9,1,1,4,1
Honda Civic_gen172,30.4,4,75.7,52,4.93,1.615,18.52,1,1,4,2
Volvo 142E_gen173,21.4,4,121.0,109,4.11,2.78,18.6,1,1,4,2
Valiant_gen174,18.1,6,225.0,105,2.76,3.46,20.22,1,0,3,1
Merc 450SE_gen175,16.4,8,275.8,180,3.07,4.07,17.4,0,0,3,3
Mazda RX4_gen176,21.0,6,160.0,110,3.9,2.62,16.46,0,1,4,4
Merc 280_gen177,19.2,6,167.6,123,3.92,3.44,18.3,1,0,4,4
Fiat X1-9_gen178,27.3,4,79.0,66,4.08,1.935,18.9,1,1,4,1
AMC Javelin_gen179,15.2,8,304.0,150,3.15,3.435,17.3,0,0,3,2
Mazda RX4 Wag_gen180,21.0,6,160.0,110,3.9,2.875,17.02,0,1,4,4
Pontiac Firebird_gen181,19.2,8,400.0,175,3.08,3.845,17.05,0,0,3,2
Fiat 128_gen182,32.4,4,78.7,66,4.08,2.2,19.47,1,1,4,1
Ferrari Dino_gen183,19.7,6,145.0,175,3.62,2.77,15.5,0,1,5,6
Merc 230_gen184,22.8,4,140.8,95,3.92,3.15,22.9,1,0,4,2
Fiat X1-9_gen185,27.3,4,79.0,66,4.08,1.935,18.9,1,1,4,1
Toyota Corona_gen186,21.5,4,120.1,97,3.7,2.465,20.01,1,0,3,1
Volvo 142E_gen187,21.4,4,121.0,109,4.11,2.78,18.6,1,1,4,2
Volvo 142E_gen188,21.4,4,121.0,109,4.11,2.78,18.6,1,1,4,2
Merc 240D_gen189,24.4,4,146.7,62,3.69,3.19,20.0,1,0,4,2
Ford Pantera L_gen190,15.8,8,351.0,264,4.22,3.17,14.5,0,1,5,4
Toyota Corolla_gen191,33.9,4,71.1,65,4.22,1.835,19.9,1,1,4,1
Maserati Bora_gen192,15.0,8,301.0,335,3.54,3.57,14.6,0,1,5,8
Fiat 128_gen193,32.4,4,78.7,66,4.08,2.2,19.47,1,1,4,1
Toyota Corolla_gen194,33.9,4,71.1,65,4.22,1.835,19.9,1,1,4,1
Hornet 4 Drive_gen195,21.4,6,258.0,110,3.08,3.215,19.44,1,0,3,1
Camaro Z28_gen196,13.3,8,350.0,245,3.73,3.84,15.41,0,0,3,4
Merc 450SE_gen197,16.4,8,275.8,180,3.07,4.07,17.4,0,0,3,3
Cadillac Fleetwood_gen198,10.4,8,472.0,205,2.93,5.25,17.98,0,0,3,4
Merc 450SLC_gen199,15.2,8,275.8,180,3.07,3.78,18.0,0,0,3,3
Fiat X1-9_gen200,27.3,4,79.0,66,4.08,1.935,18.9,1,1,4,1
Cadillac Fleetwood_gen201,10.4,8,472.0,205,2.93,5.25,17.98,0,0,3,4
Merc 230_gen202,22.8,4,140.8,95,3.92,3.15,22.9,1,0,4,2
Ford Pantera L_gen203,15.8,8,351.0,264,4.22,3.17,14.5,0,1,5,4
Fiat X1-9_gen204,27.3,4,79.0,66,4.08,1.935,18.9,1,1,4,1
Merc 280_gen205,19.2,6,167.6,123,3.92,3.44,18.3,1,0,4,4
Fiat X1-9_gen206,27.3,4,79.0,66,4.08,1.935,18.9,1,1,4,1
Camaro Z28_gen207,13.3,8,350.0,245,3.73,3.84,15.41,0,0,3,4
Ferrari Dino_gen208,19.7,6,145.0,175,3.62,2.77,15.5,0,1,5,6
Dodge Challenger_gen209,15.5,8,318.0,150,2.76,3.52,16.87,0,0,3,2
Lotus Europa_gen210,30.4,4,95.1,113,3.77,1.513,16.9,1,1,5,2
Lotus Europa_gen211,30.4,4,95.1,113,3.77,1.513,16.9,1,1,5,2
Lincoln Continental_gen212,10.4,8,460.0,215,3.0,5.424,17.82,0,0,3,4
Merc 450SE_gen213,16.4,8,275.8,180,3.07,4.07,17.4,0,0,3,3
Datsun 710_gen214,22.8,4,108.0,93,3.85,2.32,18.61,1,1,4,1
Porsche 914-2_gen215,26.0,4,120.3,91,4.43,2.14,16.7,0,1,5,2
Ford Pantera L_gen216,15.8,8,351.0,264,4.22,3.17,14.5,0,1,5,4
Merc 450SL_gen217,17.3,8,275.8,180,3.07,3.73,17.6,0,0,3,3
Merc 280C_gen218,17.8,6,167.6,123,3.92,3.44,18.9,1,0,4,4
Ferrari Dino_gen219,19.7,6,145.0,175,3.62,2.77,15.5,0,1,5,6
Hornet 4 Drive_gen220,21.4,6,258.0,110,3.08,3.215,19.44,1,0,3,1
Datsun 710_gen221,22.8,4,108.0,93,3.85,2.32,18.61,1,1,4,1
Lincoln Continental_gen222,10.4,8,460.0,215,3.0,5.424,17.82,0,0,3,4
Ferrari Dino_gen223,19.7,6,145.0,175,3.62,2.77,15.5,0,1,5,6
Porsche 914-2_gen224,26.0,4,120.3,91,4.43,2.14,16.7,0,1,5,2
Chrysler Imperial_gen225,14.7,8,440.0,230,3.23,5.345,17.42,0,0,3,4
Chrysler Imperial_gen226,14.7,8,440.0,230,3.23,5.345,17.42,0,0,3,4
Toyota Corona_gen227,21.5,4,120.1,97,3.7,2.465,20.01,1,0,3,1
Fiat X1-9_gen228,27.3,4,79.0,66,4.08,1.935,18.9,1,1,4,1
Lotus Europa_gen229,30.4,4,95.1,113,3.77,1.513,16.9,1,1,5,2
Ford Pantera L_gen230,15.8,8,351.0,264,4.22,3.17,14.5,0,1,5,4
Merc 280_gen231,19.2,6,167.6,123,3.92,3.44,18.3,1,0,4,4
Fiat 128_gen232,32.4,4,78.7,66,4.08,2.2,19.47,1,1,4,1
Volvo 142E_gen233,21.4,4,121.0,109,4.11,2.78,18.6,1,1,4,2
Merc 240D_gen234,24.4,4,146.7,62,3.69,3.19,20.0,1,0,4,2
Volvo 142E_gen235,21.4,4,121.0,109,4.11,2.78,18.6,1,1,4,2
Merc 280C_gen236,17.8,6,167.6,123,3.92,3.44,18.9,1,0,4,4
Chrysler Imperial_gen237,14.7,8,440.0,230,3.23,5.345,17.42,0,0,3,4
Hornet 4 Drive_gen238,21.4,6,258.0,110,3.08,3.215,19.44,1,0,3,1
Porsche 914-2_gen239,26.0,4,120.3,91,4.43,2.14,16.7,0,1,5,2
Fiat 128_gen240,32.4,4,78.7,66,4.08,2.2,19.47,1,1,4,1
Cadillac Fleetwood_gen241,10.4,8,472.0,205,2.93,5.25,17.98,0,0,3,4
Merc 280_gen242,19.2,6,167.6,123,3.92,3.44,18.3,1,0,4,4
Lincoln Continental_gen243,10.4,8,460.0,215,3.0,5.424,17.82,0,0,3,4
AMC Javelin_gen244,15.2,8,304.0,150,3.15,3.435,17.3,0,0,3,2
Hornet 4 Drive_gen245,21.4,6,258.0,110,3.08,3.215,19.44,1,0,3,1
Mazda RX4 Wag_gen246,21.0,6,160.0,110,3.9,2.875,17.02,0,1,4,4
Volvo 142E_gen247,21.4,4,121.0,109,4.11,2.78,18.6,1,1,4,2
Honda Civic_gen248,30.4,4,75.7,52,4.93,1.615,18.52,1,1,4,2
Porsche 914-2_gen249,26.0,4,120.3,91,4.43,2.14,16.7,0,1,5,2
Cadillac Fleetwood_gen250,10.4,8,472.0,205,2.93,5.25,17.98,0,0,3,4
AMC Javelin_gen251,15.2,8,304.0,150,3.15,3.435,17.3,0,0,3,2
Cadillac Fleetwood_gen252,10.4,8,472.0,205,2.93,5.25,17.98,0,0,3,4
Dodge Challenger_gen253,15.5,8,318.0,150,2.76,3.52,16.87,0,0,3,2
Honda Civic_gen254,30.4,4,75.7,52,4.93,1.615,18.52,1,1,4,2
Merc 450SLC_gen255,15.2,8,275.8,180,3.07,3.78,18.0,0,0,3,3
Valiant_gen256,18.1,6,225.0,105,2.76,3.46,20.22,1,0,3,1
Datsun 710_gen257,22.8,4,108.0,93,3.85,2.32,18.61,1,1,4,1
Merc 280C_gen258,17.8,6,167.6,123,3.92,3.44,18.9,1,0,4,4
Merc 450SL_gen259,17.3,8,275.8,180,3.07,3.73,17.6,0,0,3,3
Ferrari Dino_gen260,19.7,6,145.0,175,3.62,2.77,15.5,0,1,5,6
Merc 280_gen261,19.2,6,167.6,123,3.92,3.44,18.3,1,0,4,4
Merc 240D_gen262,24.4,4,146.7,62,3.69,3.19,20.0,1,0,4,2
Valiant_gen263,18.1,6,225.0,105,2.76,3.46,20.22,1,0,3,1
Merc 280C_gen264,17.8,6,167.6,123,3.92,3.44,18.9,1,0,4,4
Cadillac Fleetwood_gen265,10.4,8,472.0,205,2.93,5.25,17.98,0,0,3,4
Maserati Bora_gen266,15.0,8,301.0,335,3.54,3.57,14.6,0,1,5,8
Mazda RX4 Wag_gen267,21.0,6,160.0,110,3.9,2.875,17.02,0,1,4,4
Ferrari Dino_gen268,19.7,6,145.0,175,3.62,2.77,15.5,0,1,5,6
Maserati Bora_gen269,15.0,8,301.0,335,3.54,3.57,14.6,0,1,5,8
Mazda RX4_gen270,21.0,6,160.0,110,3.9,2.62,16.46,0,1,4,4
Porsche 914-2_gen271,26.0,4,120.3,91,4.43,2.14,16.7,0,1,5,2
Lotus Europa_gen272,30.4,4,95.1,113,3.77,1.513,16.9,1,1,5,2
Camaro Z28_gen273,13.3,8,350.0,245,3.73,3.84,15.41,0,0,3,4
Lincoln Continental_gen274,10.4,8,460.0,215,3.0,5.424,17.82,0,0,3,4
Merc 280_gen275,19.2,6,167.6,123,3.92,3.44,18.3,1,0,4,4
Camaro Z28_gen276,13.3,8,350.0,245,3.73,3.84,15.41,0,0,3,4
Merc 450SLC_gen277,15.2,8,275.8,180,3.07,3.78,18.0,0,0,3,3
Porsche 914-2_gen278,26.0,4,120.3,91,4.43,2.14,16.7,0,1,5,2
Ford Pantera L_gen279,15.8,8,351.0,264,4.22,3.17,14.5,0,1,5,4
Ferrari Dino_gen280,19.7,6,145.0,175,3.62,2.77,15.5,0,1,5,6
Porsche 914-2_gen281,26.0,4,120.3,91,4.43,2.14,16.7,0,1,5,2
Hornet Sportabout_gen282,18.7,8,360.0,175,3.15,3.44,17.02,0,0,3,2
Ferrari Dino_gen283,19.7,6,145.0,175,3.62,2.77,15.5,0,1,5,6
Valiant_gen284,18.1,6,225.0,105,2.76,3.46,20.22,1,0,3,1
Hornet 4 Drive_gen285,21.4,6,258.0,110,3.08,3.215,19.44,1,0,3,1
Merc 450SE_gen286,16.4,8,275.8,180,3.07,4.07,17.4,0,0,3,3
Merc 450SE_gen287,16.4,8,275.8,180,3.07,4.07,17.4,0,0,3,3
Merc 280_gen288,19.2,6,167.6,123,3.92,3.44,18.3,1,0,4,4
Volvo 142E_gen289,21.4,4,121.0,109,4.11,2.78,18.6,1,1,4,2
Merc 450SE_gen290,16.4,8,275.8,180,3.07,4.07,17.4,0,0,3,3
Lincoln Continental_gen291,10.4,8,460.0,215,3.0,5.424,17.82,0,0,3,4
Merc 230_gen292,22.8,4,140.8,95,3.92,3.15,22.9,1,0,4,2
AMC Javelin_gen293,15.2,8,304.0,150,3.15,3.435,17.3,0,0,3,2
Pontiac Firebird_gen294,19.2,8,400.0,175,3.08,3.845,17.05,0,0,3,2
Honda Civic_gen295,30.4,4,75.7,52,4.93,1.615,18.52,1,1,4,2
Merc 280C_gen296,17.8,6,167.6,123,3.92,3.44,18.9,1,0,4,4
Toyota Corolla_gen297,33.9,4,71.1,65,4.22,1.835,19.9,1,1,4,1
Hornet 4 Drive_gen298,21.4,6,258.0,110,3.08,3.215,19.44,1,0,3,1
Hornet Sportabout_gen299,18.7,8,360.0,175,3.15,3.44,17.02,0,0,3,2
Merc 280C_gen300,17.8,6,167.6,123,3.92,3.44,18.9,1,0,4,4
Duster 360_gen301,14.3,8,360.0,245,3.21,3.57,15.84,0,0,3,4
Ford Pantera L_gen302,15.8,8,351.0,264,4.22,3.17,14.5,0,1,5,4
Porsche 914-2_gen303,26.0,4,120.3,91,4.43,2.14,16.7,0,1,5,2
Toyota Corolla_gen304,33.9,4,71.1,65,4.22,1.835,19.9,1,1,4,1
Ford Pantera L_gen305,15.8,8,351.0,264,4.22,3.17,14.5,0,1,5,4
Fiat X1-9_gen306,27.3,4,79.0,66,4.08,1.935,18.9,1,1,4,1
Fiat 128_gen307,32.4,4,78.7,66,4.08,2.2,19.47,1,1,4,1
Cadillac Fleetwood_gen308,10.4,8,472.0,205,2.93,5.25,17.98,0,0,3,4
Dodge Challenger_gen309,15.5,8,318.0,150,2.76,3.52,16.87,0,0,3,2
Hornet 4 Drive_gen310,21.4,6,258.0,110,3.08,3.215,19.44,1,0,3,1
Maserati Bora_gen311,15.0,8,301.0,335,3.54,3.57,14.6,0,1,5,8
Duster 360_gen312,14.3,8,360.0,245,3.21,3.57,15.84,0,0,3,4
Merc 240D_gen313,24.4,4,146.7,62,3.69,3.19,20.0,1,0,4,2
Merc 450SE_gen314,16.4,8,275.8,180,3.07,4.07,17.4,0,0,3,3
Volvo 142E_gen315,21.4,4,121.0,109,4.11,2.78,18.6,1,1,4,2
Merc 450SL_gen316,17.3,8,275.8,180,3.07,3.73,17.6,0,0,3,3
Merc 240D_gen317,24.4,4,146.7,62,3.69,3.19,20.0,1,0,4,2
Merc 450SLC_gen318,15.2,8,275.8,180,3.07,3.78,18.0,0,0,3,3
Porsche 914-2_gen319,26.0,4,120.3,91,4.43,2.14,16.7,0,1,5,2
Merc 240D_gen320,24.4,4,146.7,62,3.69,3.19,20.0,1,0,4,2
Cadillac Fleetwood_gen321,10.4,8,472.0,205,2.93,5.25,17.98,0,0,3,4
Merc 450SL_gen322,17.3,8,275.8,180,3.07,3.73,17.6,0,0,3,3
Merc 240D_gen323,24.4,4,146.7,62,3.69,3.19,20.0,1,0,4,2
Ferrari Dino_gen324,19.7,6,145.0,175,3.62,2.77,15.5,0,1,5,6
Mazda RX4 Wag_gen325,21.0,6,160.0,110,3.9,2.875,17.02,0,1,4,4
Cadillac Fleetwood_gen326,10.4,8,472.0,205,2.93,5.25,17.98,0,0,3,4
Merc 280C_gen327,17.8,6,167.6,123,3.92,3.44,18.9,1,0,4,4
Valiant_gen328,18.1,6,225.0,105,2.76,3.46,20.22,1,0,3,1
Porsche 914-2_gen329,26.0,4,120.3,91,4.43,2.14,16.7,0,1,5,2
Merc 450SLC_gen330,15.2,8,275.8,180,3.07,3.78,18.0,0,0,3,3
Mazda RX4 Wag_gen331,21.0,6,160.0,110,3.9,2.875,17.02,0,1,4,4
Fiat X1-9_gen332,27.3,4,79.0,66,4.08,1.935,18.9,1,1,4,1
Porsche 914-2_gen333,26.0,4,120.3,91,4.43,2.14,16.7,0,1,5,2
Valiant_gen334,18.1,6,225.0,105,2.76,3.46,20.22,1,0,3,1
Merc 450SLC_gen335,15.2,8,275.8,180,3.07,3.78,18.0,0,0,3,3
Volvo 142E_gen336,21.4,4,121.0,109,4.11,2.78,18.6,1,1,4,2
Lotus Europa_gen337,30.4,4,95.1,113,3.77,1.513,16.9,1,1,5,2
Toyota Corona_gen338,21.5,4,120.1,97,3.7,2.465,20.01,1,0,3,1
Porsche 914-2_gen339,26.0,4,120.3,91,4.43,2.14,16.7,0,1,5,2
Valiant_gen340,18.1,6,225.0,105,2.76,3.46,20.22,1,0,3,1
Volvo 142E_gen341,21.4,4,121.0,109,4.11,2.78,18.6,1,1,4,2
Toyota Corolla_gen342,33.9,4,71.1,65,4.22,1.835,19.9,1,1,4,1
Toyota Corolla_gen343,33.9,4,71.1,65,4.22,1.835,19.9,1,1,4,1
Hornet Sportabout_gen344,18.7,8,360.0,175,3.15,3.44,17.02,0,0,3,2
Merc 280_gen345,19.2,6,167.6,123,3.92,3.44,18.3,1,0,4,4
Mazda RX4_gen346,21.0,6,160.0,110,3.9,2.62,16.46,0,1,4,4
Merc 450SLC_gen347,15.2,8,275.8,180,3.07,3.78,18.0,0,0,3,3
Hornet Sportabout_gen348,18.7,8,360.0,175,3.15,3.44,17.02,0,0,3,2
Merc 230_gen349,22.8,4,140.8,95,3.92,3.15,22.9,1,0,4,2
Merc 230_gen350,22.8,4,140.8,95,3.92,3.15,22.9,1,0,4,2
Chrysler Imperial_gen351,14.7,8,440.0,230,3.23,5.345,17.42,0,0,3,4
Pontiac Firebird_gen352,19.2,8,400.0,175,3.08,3.845,17.05,0,0,3,2
Ferrari Dino_gen353,19.7,6,145.0,175,3.62,2.77,15.5,0,1,5,6
Fiat X1-9_gen354,27.3,4,79.0,66,4.08,1.935,18.9,1,1,4,1
Pontiac Firebird_gen355,19.2,8,400.0,175,3.08,3.845,17.05,0,0,3,2
Fiat X1-9_gen356,27.3,4,79.0,66,4.08,1.935,18.9,1,1,4,1
Honda Civic_gen357,30.4,4,75.7,52,4.93,1.615,18.52,1,1,4,2
AMC Javelin_gen358,15.2,8,304.0,150,3.15,3.435,17.3,0,0,3,2
Volvo 142E_gen359,21.4,4,121.0,109,4.11,2.78,18.6,1,1,4,2
Ferrari Dino_gen360,19.7,6,145.0,175,3.62,2.77,15.5,0,1,5,6
Merc 450SLC_gen361,15.2,8,275.8,180,3.07,3.78,18.0,0,0,3,3
Toyota Corona_gen362,21.5,4,120.1,97,3.7,2.465,20.01,1,0,3,1
Honda Civic_gen363,30.4,4,75.7,52,4.93,1.615,18.52,1,1,4,2
AMC Javelin_gen364,15.2,8,304.0,150,3.15,3.435,17.3,0,0,3,2
Camaro Z28_gen365,13.3,8,350.0,245,3.73,3.84,15.41,0,0,3,4
Mazda RX4 Wag_gen366,21.0,6,160.0,110,3.9,2.875,17.02,0,1,4,4
Merc 280C_gen367,17.8,6,167.6,123,3.92,3.44,18.9,1,0,4,4
Merc 280C_gen368,17.8,6,167.6,123,3.92,3.44,18.9,1,0,4,4
Camaro Z28_gen369,13.3,8,350.0,245,3.73,3.84,15.41,0,0,3,4
Merc 240D_gen370,24.4,4,146.7,62,3.69,3.19,20.0,1,0,4,2
Dodge Challenger_gen371,15.5,8,318.0,150,2.76,3.52,16.87,0,0,3,2
Mazda RX4 Wag_gen372,21.0,6,160.0,110,3.9,2.875,17.02,0,1,4,4
Toyota Corolla_gen373,33.9,4,71.1,65,4.22,1.835,19.9,1,1,4,1
Merc 450SE_gen374,16.4,8,275.8,180,3.07,4.07,17.4,0,0,3,3
Hornet 4 Drive_gen375,21.4,6,258.0,110,3.08,3.215,19.44,1,0,3,1
Toyota Corolla_gen376,33.9,4,71.1,65,4.22,1.835,19.9,1,1,4,1
Dodge Challenger_gen377,15.5,8,318.0,150,2.76,3.52,16.87,0,0,3,2
Camaro Z28_gen378,13.3,8,350.0,245,3.73,3.84,15.41,0,0,3,4
Fiat X1-9_gen379,27.3,4,79.0,66,4.08,1.935,18.9,1,1,4,1
Fiat X1-9_gen380,27.3,4,79.0,66,4.08,1.935,18.9,1,1,4,1
Lincoln Continental_gen381,10.4,8,460.0,215,3.0,5.424,17.82,0,0,3,4
Camaro Z28_gen382,13.3,8,350.0,245,3.73,3.84,15.41,0,0,3,4
Merc 450SLC_gen383,15.2,8,275.8,180,3.07,3.78,18.0,0,0,3,3
AMC Javelin_gen384,15.2,8,304.0,150,3.15,3.435,17.3,0,0,3,2
Dodge Challenger_gen385,15.5,8,318.0,150,2.76,3.52,16.87,0,0,3,2
Lincoln Continental_gen386,10.4,8,460.0,215,3.0,5.424,17.82,0,0,3,4
Honda Civic_gen387,30.4,4,75.7,52,4.93,1.615,18.52,1,1,4,2
Toyota Corona_gen388,21.5,4,120.1,97,3.7,2.465,20.01,1,0,3,1
Fiat 128_gen389,32.4,4,78.7,66,4.08,2.2,19.47,1,1,4,1
Merc 280C_gen390,17.8,6,167.6,123,3.92,3.44,18.9,1,0,4,4
Lotus Europa_gen391,30.4,4,95.1,113,3.77,1.513,16.9,1,1,5,2
Duster 360_gen392,14.3,8,360.0,245,3.21,3.57,15.84,0,0,3,4
Lincoln Continental_gen393,10.4,8,460.0,215,3.0,5.424,17.82,0,0,3,4
Chrysler Imperial_gen394,14.7,8,440.0,230,3.23,5.345,17.42,0,0,3,4
Merc 280_gen395,19.2,6,167.6,123,3.92,3.44,18.3,1,0,4,4
Volvo 142E_gen396,21.4,4,121.0,109,4.11,2.78,18.6,1,1,4,2
Lotus Europa_gen397,30.4,4,95.1,113,3.77,1.513,16.9,1,1,5,2
Pontiac Firebird_gen398,19.2,8,400.0,175,3.08,3.845,17.05,0,0,3,2
AMC Javelin_gen399,15.2,8,304.0,150,3.15,3.435,17.3,0,0,3,2
Valiant_gen400,18.1,6,225.0,105,2.76,3.46,20.22,1,0,3,1
Merc 280C_gen401,17.8,6,167.6,123,3.92,3.44,18.9,1,0,4,4
Mazda RX4 Wag_gen402,21.0,6,160.0,110,3.9,2.875,17.02,0,1,4,4
Merc 450SL_gen403,17.3,8,275.8,180,3.07,3.73,17.6,0,0,3,3
Datsun 710_gen404,22.8,4,108.0,93,3.85,2.32,18.61,1,1,4,1
Merc 230_gen405,22.8,4,140.8,95,3.92,3.15,22.9,1,0,4,2
Dodge Challenger_gen406,15.5,8,318.0,150,2.76,3.52,16.87,0,0,3,2
Merc 450SE_gen407,16.4,8,275.8,180,3.07,4.07,17.4,0,0,3,3
Merc 280C_gen408,17.8,6,167.6,123,3.92,3.44,18.9,1,0,4,4
Lotus Europa_gen409,30.4,4,95.1,113,3.77,1.513,16.9,1,1,5,2
Maserati Bora_gen410,15.0,8,301.0,335,3.54,3.57,14.6,0,1,5,8
Honda Civic_gen411,30.4,4,75.7,52,4.93,1.615,18.52,1,1,4,2
Merc 280C_gen412,17.8,6,167.6,123,3.92,3.44,18.9,1,0,4,4
Merc 450SE_gen413,16.4,8,275.8,180,3.07,4.07,17.4,0,0,3,3
Maserati Bora_gen414,15.0,8,301.0,335,3.54,3.57,14.6,0,1,5,8
Chrysler Imperial_gen415,14.7,8,440.0,230,3.23,5.345,17.42,0,0,3,4
Merc 450SL_gen416,17.3,8,275.8,180,3.07,3.73,17.6,0,0,3,3
Toyota Corolla_gen417,33.9,4,71.1,65,4.22,1.835,19.9,1,1,4,1
Toyota Corona_gen418,21.5,4,120.1,97,3.7,2.465,20.01,1,0,3,1
AMC Javelin_gen419,15.2,8,304.0,150,3.15,3.435,17.3,0,0,3,2
Merc 230_gen420,22.8,4,140.8,95,3.92,3.15,22.9,1,0,4,2
Volvo 142E_gen421,21.4,4,121.0,109,4.11,2.78,18.6,1,1,4,2
Mazda RX4 Wag_gen422,21.0,6,160.0,110,3.9,2.875,17.02,0,1,4,4
Fiat X1-9_gen423,27.3,4,79.0,66,4.08,1.935,18.9,1,1,4,1
Fiat X1-9_gen424,27.3,4,79.0,66,4.08,1.935,18.9,1,1,4,1
Fiat X1-9_gen425,27.3,4,79.0,66,4.08,1.935,18.9,1,1,4,1
Valiant_gen426,18.1,6,225.0,105,2.76,3.46,20.22,1,0,3,1
Ford Pantera L_gen427,15.8,8,351.0,264,4.22,3.17,14.5,0,1,5,4
Camaro Z28_gen428,13.3,8,350.0,245,3.73,3.84,15.41,0,0,3,4
Dodge Challenger_gen429,15.5,8,318.0,150,2.76,3.52,16.87,0,0,3,2
Porsche 914-2_gen430,26.0,4,120.3,91,4.43,2.14,16.7,0,1,5,2
Fiat X1-9_gen431,27.3,4,79.0,66,4.08,1.935,18.9,1,1,4,1
Ford Pantera L_gen432,15.8,8,351.0,264,4.22,3.17,14.5,0,1,5,4
Hornet Sportabout_gen433,18.7,8,360.0,175,3.15,3.44,17.02,0,0,3,2
AMC Javelin_gen434,15.2,8,304.0,150,3.15,3.435,17.3,0,0,3,2
Pontiac Firebird_gen435,19.2,8,400.0,175,3.08,3.845,17.05,0,0,3,2
Pontiac Firebird_gen436,19.2,8,400.0,175,3.08,3.845,17.05,0,0,3,2
Toyota Corolla_gen437,33.9,4,71.1,65,4.22,1.835,19.9,1,1,4,1
Dodge Challenger_gen438,15.5,8,318.0,150,2.76,3.52,16.87,0,0,3,2
Merc 450SE_gen439,16.4,8,275.8,180,3.07,4.07,17.4,0,0,3,3
Hornet Sportabout_gen440,18.7,8,360.0,175,3.15,3.44,17.02,0,0,3,2
Merc 280_gen441,19.2,6,167.6,123,3.92,3.44,18.3,1,0,4,4
Merc 280C_gen442,17.8,6,167.6,123,3.92,3.44,18.9,1,0,4,4
Pontiac Firebird_gen443,19.2,8,400.0,175,3.08,3.845,17.05,0,0,3,2
Mazda RX4 Wag_gen444,21.0,6,160.0,110,3.9,2.875,17.02,0,1,4,4
Camaro Z28_gen445,13.3,8,350.0,245,3.73,3.84,15.41,0,0,3,4
Dodge Challenger_gen446,15.5,8,318.0,150,2.76,3.52,16.87,0,0,3,2
Duster 360_gen447,14.3,8,360.0,245,3.21,3.57,15.84,0,0,3,4
Pontiac Firebird_gen448,19.2,8,400.0,175,3.08,3.845,17.05,0,0,3,2
AMC Javelin_gen449,15.2,8,304.0,150,3.15,3.435,17.3,0,0,3,2
Merc 280C_gen450,17.8,6,167.6,123,3.92,3.44,18.9,1,0,4,4
Mazda RX4 Wag_gen451,21.0,6,160.0,110,3.9,2.875,17.02,0,1,4,4
Valiant_gen452,18.1,6,225.0,105,2.76,3.46,20.22,1,0,3,1
Datsun 710_gen453,22.8,4,108.0,93,3.85,2.32,18.61,1,1,4,1
Porsche 914-2_gen454,26.0,4,120.3,91,4.43,2.14,16.7,0,1,5,2
Hornet 4 Drive_gen455,21.4,6,258.0,110,3.08,3.215,19.44,1,0,3,1
Merc 280_gen456,19.2,6,167.6,123,3.92,3.44,18.3,1,0,4,4
Volvo 142E_gen457,21.4,4,121.0,109,4.11,2.78,18.6,1,1,4,2
Merc 280_gen458,19.2,6,167.6,123,3.92,3.44,18.3,1,0,4,4
Merc 240D_gen459,24.4,4,146.7,62,3.69,3.19,20.0,1,0,4,2
Ferrari Dino_gen460,19.7,6,145.0,175,3.62,2.77,15.5,0,1,5,6
Cadillac Fleetwood_gen461,10.4,8,472.0,205,2.93,5.25,17.98,0,0,3,4
Merc 450SL_gen462,17.3,8,275.8,180,3.07,3.73,17.6,0,0,3,3
Porsche 914-2_gen463,26.0,4,120.3,91,4.43,2.14,16.7,0,1,5,2
Merc 450SE_gen464,16.4,8,275.8,180,3.07,4.07,17.4,0,0,3,3
Datsun 710_gen465,22.8,4,108.0,93,3.85,2.32,18.61,1,1,4,1
Camaro Z28_gen466,13.3,8,350.0,245,3.73,3.84,15.41,0,0,3,4
Lotus Europa_gen467,30.4,4,95.1,113,3.77,1.513,16.9,1,1,5,2
Merc 280C_gen468,17.8,6,167.6,123,3.92,3.44,18.9,1,0,4,4
Merc 240D_gen469,24.4,4,146.7,62,3.69,3.19,20.0,1,0,4,2
AMC Javelin_gen470,15.2,8,304.0,150,3.15,3.435,17.3,0,0,3,2
Porsche 914-2_gen471,26.0,4,120.3,91,4.43,2.14,16.7,0,1,5,2
Hornet 4 Drive_gen472,21.4,6,258.0,110,3.08,3.215,19.44,1,0,3,1
Porsche 914-2_gen473,26.0,4,120.3,91,4.43,2.14,16.7,0,1,5,2
Fiat X1-9_gen474,27.3,4,79.0,66,4.08,1.935,18.9,1,1,4,1
Mazda RX4_gen475,21.0,6,160.0,110,3.9,2.62,16.46,0,1,4,4
Merc 280C_gen476,17.8,6,167.6,123,3.92,3.44,18.9,1,0,4,4
Dodge Challenger_gen477,15.5,8,318.0,150,2.76,3.52,16.87,0,0,3,2
Ford Pantera L_gen478,15.8,8,351.0,264,4.22,3.17,14.5,0,1,5,4
Merc 450SLC_gen479,15.2,8,275.8,180,3.07,3.78,18.0,0,0,3,3
Lincoln Continental_gen480,10.4,8,460.0,215,3.0,5.424,17.82,0,0,3,4
Hornet 4 Drive_gen481,21.4,6,258.0,110,3.08,3.215,19.44,1,0,3,1
Ferrari Dino_gen482,19.7,6,145.0,175,3.62,2.77,15.5,0,1,5,6
Fiat 128_gen483,32.4,4,78.7,66,4.08,2.2,19.47,1,1,4,1
Mazda RX4 Wag_gen484,21.0,6,160.0,110,3.9,2.875,17.02,0,1,4,4
Cadillac Fleetwood_gen485,10.4,8,472.0,205,2.93,5.25,17.98,0,0,3,4
Toyota Corona_gen486,21.5,4,120.1,97,3.7,2.465,20.01,1,0,3,1
Maserati Bora_gen487,15.0,8,301.0,335,3.54,3.57,14.6,0,1,5,8
Chrysler Imperial_gen488,14.7,8,440.0,230,3.23,5.345,17.42,0,0,3,4
Lotus Europa_gen489,30.4,4,95.1,113,3.77,1.513,16.9,1,1,5,2
Ford Pantera L_gen490,15.8,8,351.0,264,4.22,3.17,14.5,0,1,5,4
Mazda RX4_gen491,21.0,6,160.0,110,3.9,2.62,16.46,0,1,4,4
Datsun 710_gen492,22.8,4,108.0,93,3.85,2.32,18.61,1,1,4,1
Hornet 4 Drive_gen493,21.4,6,258.0,110,3.08,3.215,19.44,1,0,3,1
Ford Pantera L_gen494,15.8,8,351.0,264,4.22,3.17,14.5,0,1,5,4
Merc 230_gen495,22.8,4,140.8,95,3.92,3.15,22.9,1,0,4,2
Lincoln Continental_gen496,10.4,8,460.0,215,3.0,5.424,17.82,0,0,3,4
Merc 240D_gen497,24.4,4,146.7,62,3.69,3.19,20.0,1,0,4,2
Volvo 142E_gen498,21.4,4,121.0,109,4.11,2.78,18.6,1,1,4,2
Camaro Z28_gen499,13.3,8,350.0,245,3.73,3.84,15.41,0,0,3,4
Ferrari Dino_gen500,19.7,6,145.0,175,3.62,2.77,15.5,0,1,5,6
Maserati Bora_gen501,15.0,8,301.0,335,3.54,3.57,14.6,0,1,5,8
Camaro Z28_gen502,13.3,8,350.0,245,3.73,3.84,15.41,0,0,3,4
Merc 280C_gen503,17.8,6,167.6,123,3.92,3.44,18.9,1,0,4,4
Maserati Bora_gen504,15.0,8,301.0,335,3.54,3.57,14.6,0,1,5,8
Mazda RX4_gen505,21.0,6,160.0,110,3.9,2.62,16.46,0,1,4,4
Maserati Bora_gen506,15.0,8,301.0,335,3.54,3.57,14.6,0,1,5,8
Ford Pantera L_gen507,15.8,8,351.0,264,4.22,3.17,14.5,0,1,5,4
Duster 360_gen508,14.3,8,360.0,245,3.21,3.57,15.84,0,0,3,4
Merc 450SL_gen509,17.3,8,275.8,180,3.07,3.73,17.6,0,0,3,3
Cadillac Fleetwood_gen510,10.4,8,472.0,205,2.93,5.25,17.98,0,0,3,4
Merc 450SL_gen511,17.3,8,275.8,180,3.07,3.73,17.6,0,0,3,3
Camaro Z28_gen512,13.3,8,350.0,245,3.73,3.84,15.41,0,0,3,4
Valiant_gen513,18.1,6,225.0,105,2.76,3.46,20.22,1,0,3,1
Mazda RX4_gen514,21.0,6,160.0,110,3.9,2.62,16.46,0,1,4,4
Lotus Europa_gen515,30.4,4,95.1,113,3.77,1.513,16.9,1,1,5,2
Fiat 128_gen516,32.4,4,78.7,66,4.08,2.2,19.47,1,1,4,1
Honda Civic_gen517,30.4,4,75.7,52,4.93,1.615,18.52,1,1,4,2
Datsun 710_gen518,22.8,4,108.0,93,3.85,2.32,18.61,1,1,4,1
Cadillac Fleetwood_gen519,10.4,8,472.0,205,2.93,5.25,17.98,0,0,3,4
Merc 230_gen520,22.8,4,140.8,95,3.92,3.15,22.9,1,0,4,2
Merc 450SL_gen521,17.3,8,275.8,180,3.07,3.73,17.6,0,0,3,3
Hornet 4 Drive_gen522,21.4,6,258.0,110,3.08,3.215,19.44,1,0,3,1
Fiat X1-9_gen523,27.3,4,79.0,66,4.08,1.935,18.9,1,1,4,1
Porsche 914-2_gen524,26.0,4,120.3,91,4.43,2.14,16.7,0,1,5,2
Fiat X1-9_gen525,27.3,4,79.0,66,4.08,1.935,18.9,1,1,4,1
Lincoln Continental_gen526,10.4,8,460.0,215,3.0,5.424,17.82,0,0,3,4
Merc 450SE_gen527,16.4,8,275.8,180,3.07,4.07,17.4,0,0,3,3
Ferrari Dino_gen528,19.7,6,145.0,175,3.62,2.77,15.5,0,1,5,6
Merc 450SLC_gen529,15.2,8,275.8,180,3.07,3.78,18.0,0,0,3,3
Datsun 710_gen530,22.8,4,108.0,93,3.85,2.32,18.61,1,1,4,1
Lincoln Continental_gen531,10.4,8,460.0,215,3.0,5.424,17.82,0,0,3,4
AMC Javelin_gen532,15.2,8,304.0,150,3.15,3.435,17.3,0,0,3,2
Honda Civic_gen533,30.4,4,75.7,52,4.93,1.615,18.52,1,1,4,2
Volvo 142E_gen534,21.4,4,121.0,109,4.11,2.78,18.6,1,1,4,2
Ferrari Dino_gen535,19.7,6,145.0,175,3.62,2.77,15.5,0,1,5,6
Merc 280_gen536,19.2,6,167.6,123,3.92,3.44,18.3,1,0,4,4
Lincoln Continental_gen537,10.4,8,460.0,215,3.0,5.424,17.82,0,0,3,4
Fiat X1-9_gen538,27.3,4,79.0,66,4.08,1.935,18.9,1,1,4,1
Ford Pantera L_gen539,15.8,8,351.0,264,4.22,3.17,14.5,0,1,5,4
Honda Civic_gen540,30.4,4,75.7,52,4.93,1.615,18.52,1,1,4,2
Chrysler Imperial_gen541,14.7,8,440.0,230,3.23,5.345,17.42,0,0,3,4
Maserati Bora_gen542,15.0,8,301.0,335,3.54,3.57,14.6,0,1,5,8
Merc 240D_gen543,24.4,4,146.7,62,3.69,3.19,20.0,1,0,4,2
Mazda RX4 Wag_gen544,21.0,6,160.0,110,3.9,2.875,17.02,0,1,4,4
AMC Javelin_gen545,15.2,8,304.0,150,3.15,3.435,17.3,0,0,3,2
Lotus Europa_gen546,30.4,4,95.1,113,3.77,1.513,16.9,1,1,5,2
Lotus Europa_gen547,30.4,4,95.1,113,3.77,1.513,16.9,1,1,5,2
Merc 450SLC_gen548,15.2,8,275.8,180,3.07,3.78,18.0,0,0,3,3
AMC Javelin_gen549,15.2,8,304.0,150,3.15,3.435,17.3,0,0,3,2
Ford Pantera L_gen550,15.8,8,351.0,264,4.22,3.17,14.5,0,1,5,4
Toyota Corolla_gen551,33.9,4,71.1,65,4.22,1.835,19.9,1,1,4,1
Ford Pantera L_gen552,15.8,8,351.0,264,4.22,3.17,14.5,0,1,5,4
Merc 450SL_gen553,17.3,8,275.8,180,3.07,3.73,17.6,0,0,3,3
Valiant_gen554,18.1,6,225.0,105,2.76,3.46,20.22,1,0,3,1
Honda Civic_gen555,30.4,4,75.7,52,4.93,1.615,18.52,1,1,4,2
Cadillac Fleetwood_gen556,10.4,8,472.0,205,2.93,5.25,17.98,0,0,3,4
Duster 360_gen557,14.3,8,360.0,245,3.21,3.57,15.84,0,0,3,4
Camaro Z28_gen558,13.3,8,350.0,245,3.73,3.84,15.41,0,0,3,4
Hornet Sportabout_gen559,18.7,8,360.0,175,3.15,3.44,17.02,0,0,3,2
Maserati Bora_gen560,15.0,8,301.0,335,3.54,3.57,14.6,0,1,5,8
AMC Javelin_gen561,15.2,8,304.0,150,3.15,3.435,17.3,0,0,3,2
Duster 360_gen562,14.3,8,360.0,245,3.21,3.57,15.84,0,0,3,4
Pontiac Firebird_gen563,19.2,8,400.0,175,3.08,3.845,17.05,0,0,3,2
Merc 450SE_gen564,16.4,8,275.8,180,3.07,4.07,17.4,0,0,3,3
Datsun 710_gen565,22.8,4,108.0,93,3.85,2.32,18.61,1,1,4,1
Fiat X1-9_gen566,27.3,4,79.0,66,4.08,1.935,18.9,1,1,4,1
Hornet Sportabout_gen567,18.7,8,360.0,175,3.15,3.44,17.02,0,0,3,2
Merc 450SE_gen568,16.4,8,275.8,180,3.07,4.07,17.4,0,0,3,3
Fiat X1-9_gen569,27.3,4,79.0,66,4.08,1.935,18.9,1,1,4,1
Chrysler Imperial_gen570,14.7,8,440.0,230,3.23,5.345,17.42,0,0,3,4
Fiat X1-9_gen571,27.3,4,79.0,66,4.08,1.935,18.9,1,1,4,1
Lincoln Continental_gen572,10.4,8,460.0,215,3.0,5.424,17.82,0,0,3,4
Merc 240D_gen573,24.4,4,146.7,62,3.69,3.19,20.0,1,0,4,2
Porsche 914-2_gen574,26.0,4,120.3,91,4.43,2.14,16.7,0,1,5,2
Mazda RX4_gen575,21.0,6,160.0,110,3.9,2.62,16.46,0,1,4,4
Ford Pantera L_gen576,15.8,8,351.0,264,4.22,3.17,14.5,0,1,5,4
Duster 360_gen577,14.3,8,360.0,245,3.21,3.57,15.84,0,0,3,4
Merc 450SLC_gen578,15.2,8,275.8,180,3.07,3.78,18.0,0,0,3,3
Merc 280_gen579,19.2,6,167.6,123,3.92,3.44,18.3,1,0,4,4
Toyota Corona_gen580,21.5,4,120.1,97,3.7,2.465,20.01,1,0,3,1
Merc 280C_gen581,17.8,6,167.6,123,3.92,3.44,18.9,1,0,4,4
Merc 450SL_gen582,17.3,8,275.8,180,3.07,3.73,17.6,0,0,3,3
Duster 360_gen583,14.3,8,360.0,245,3.21,3.57,15.84,0,0,3,4
Maserati Bora_gen584,15.0,8,301.0,335,3.54,3.57,14.6,0,1,5,8
Dodge Challenger_gen585,15.5,8,318.0,150,2.76,3.52,16.87,0,0,3,2
Dodge Challenger_gen586,15.5,8,318.0,150,2.76,3.52,16.87,0,0,3,2
Fiat 128_gen587,32.4,4,78.7,66,4.08,2.2,19.47,1,1,4,1
Merc 230_gen588,22.8,4,140.8,95,3.92,3.15,22.9,1,0,4,2
Mazda RX4_gen589,21.0,6,160.0,110,3.9,2.62,16.46,0,1,4,4
Honda Civic_gen590,30.4,4,75.7,52,4.93,1.615,18.52,1,1,4,2
Merc 450SLC_gen591,15.2,8,275.8,180,3.07,3.78,18.0,0,0,3,3
Mazda RX4_gen592,21.0,6,160.0,110,3.9,2.62,16.46,0,1,4,4
Datsun 710_gen593,22.8,4,108.0,93,3.85,2.32,18.61,1,1,4,1
Dodge Challenger_gen594,15.5,8,318.0,150,2.76,3.52,16.87,0,0,3,2
Fiat 128_gen595,32.4,4,78.7,66,4.08,2.2,19.47,1,1,4,1
Cadillac Fleetwood_gen596,10.4,8,472.0,205,2.93,5.25,17.98,0,0,3,4
Hornet 4 Drive_gen597,21.4,6,258.0,110,3.08,3.215,19.44,1,0,3,1
Cadillac Fleetwood_gen598,10.4,8,472.0,205,2.93,5.25,17.98,0,0,3,4
Maserati Bora_gen599,15.0,8,301.0,335,3.54,3.57,14.6,0,1,5,8
Merc 450SLC_gen600,15.2,8,275.8,180,3.07,3.78,18.0,0,0,3,3
Maserati Bora_gen601,15.0,8,301.0,335,3.54,3.57,14.6,0,1,5,8
Volvo 142E_gen602,21.4,4,121.0,109,4.11,2.78,18.6,1,1,4,2
Toyota Corona_gen603,21.5,4,120.1,97,3.7,2.465,20.01,1,0,3,1
Merc 450SE_gen604,16.4,8,275.8,180,3.07,4.07,17.4,0,0,3,3
Lotus Europa_gen605,30.4,4,95.1,113,3.77,1.513,16.9,1,1,5,2
Merc 450SLC_gen606,15.2,8,275.8,180,3.07,3.78,18.0,0,0,3,3
Fiat 128_gen607,32.4,4,78.7,66,4.08,2.2,19.47,1,1,4,1
Maserati Bora_gen608,15.0,8,301.0,335,3.54,3.57,14.6,0,1,5,8
Toyota Corolla_gen609,33.9,4,71.1,65,4.22,1.835,19.9,1,1,4,1
Porsche 914-2_gen610,26.0,4,120.3,91,4.43,2.14,16.7,0,1,5,2
Ferrari Dino_gen611,19.7,6,145.0,175,3.62,2.77,15.5,0,1,5,6
Volvo 142E_gen612,21.4,4,121.0,109,4.11,2.78,18.6,1,1,4,2
Pontiac Firebird_gen613,19.2,8,400.0,175,3.08,3.845,17.05,0,0,3,2
Ford Pantera L_gen614,15.8,8,351.0,264,4.22,3.17,14.5,0,1,5,4
Merc 450SLC_gen615,15.2,8,275.8,180,3.07,3.78,18.0,0,0,3,3
Dodge Challenger_gen616,15.5,8,318.0,150,2.76,3.52,16.87,0,0,3,2
Mazda RX4 Wag_gen617,21.0,6,160.0,110,3.9,2.875,17.02,0,1,4,4
Mazda RX4_gen618,21.0,6,160.0,110,3.9,2.62,16.46,0,1,4,4
Lincoln Continental_gen619,10.4,8,460.0,215,3.0,5.424,17.82,0,0,3,4
Maserati Bora_gen620,15.0,8,301.0,335,3.54,3.57,14.6,0,1,5,8
Ford Pantera L_gen621,15.8,8,351.0,264,4.22,3.17,14.5,0,1,5,4
Cadillac Fleetwood_gen622,10.4,8,472.0,205,2.93,5.25,17.98,0,0,3,4
Porsche 914-2_gen623,26.0,4,120.3,91,4.43,2.14,16.7,0,1,5,2
Maserati Bora_gen624,15.0,8,301.0,335,3.54,3.57,14.6,0,1,5,8
Chrysler Imperial_gen625,14.7,8,440.0,230,3.23,5.345,17.42,0,0,3,4
Mazda RX4_gen626,21.0,6,160.0,110,3.9,2.62,16.46,0,1,4,4
Toyota Corona_gen627,21.5,4,120.1,97,3.7,2.465,20.01,1,0,3,1
Pontiac Firebird_gen628,19.2,8,400.0,175,3.08,3.845,17.05,0,0,3,2
Duster 360_gen629,14.3,8,360.0,245,3.21,3.57,15.84,0,0,3,4
Merc 450SE_gen630,16.4,8,275.8,180,3.07,4.07,17.4,0,0,3,3
Hornet 4 Drive_gen631,21.4,6,258.0,110,3.08,3.215,19.44,1,0,3,1
Dodge Challenger_gen632,15.5,8,318.0,150,2.76,3.52,16.87,0,0,3,2
Merc 230_gen633,22.8,4,140.8,95,3.92,3.15,22.9,1,0,4,2
Lincoln Continental_gen634,10.4,8,460.0,215,3.0,5.424,17.82,0,0,3,4
Fiat 128_gen635,32.4,4,78.7,66,4.08,2.2,19.47,1,1,4,1
Volvo 142E_gen636,21.4,4,121.0,109,4.11,2.78,18.6,1,1,4,2
Merc 230_gen637,22.8,4,140.8,95,3.92,3.15,22.9,1,0,4,2
Merc 280C_gen638,17.8,6,167.6,123,3.92,3.44,18.9,1,0,4,4
Merc 450SE_gen639,16.4,8,275.8,180,3.07,4.07,17.4,0,0,3,3
Toyota Corona_gen640,21.5,4,120.1,97,3.7,2.465,20.01,1,0,3,1
Toyota Corona_gen641,21.5,4,120.1,97,3.7,2.465,20.01,1,0,3,1
Toyota Corona_gen642,21.5,4,120.1,97,3.7,2.465,20.01,1,0,3,1
Merc 450SE_gen643,16.4,8,275.8,180,3.07,4.07,17.4,0,0,3,3
Ford Pantera L_gen644,15.8,8,351.0,264,4.22,3.17,14.5,0,1,5,4
Merc 280_gen645,19.2,6,167.6,123,3.92,3.44,18.3,1,0,4,4
Pontiac Firebird_gen646,19.2,8,400.0,175,3.08,3.845,17.05,0,0,3,2
Cadillac Fleetwood_gen647,10.4,8,472.0,205,2.93,5.25,17.98,0,0,3,4
Lincoln Continental_gen648,10.4,8,460.0,215,3.0,5.424,17.82,0,0,3,4
Toyota Corona_gen649,21.5,4,120.1,97,3.7,2.465,20.01,1,0,3,1
Chrysler Imperial_gen650,14.7,8,440.0,230,3.23,5.345,17.42,0,0,3,4
Merc 450SL_gen651,17.3,8,275.8,180,3.07,3.73,17.6,0,0,3,3
Merc 450SLC_gen652,15.2,8,275.8,180,3.07,3.78,18.0,0,0,3,3
Toyota Corolla_gen653,33.9,4,71.1,65,4.22,1.835,19.9,1,1,4,1
Toyota Corolla_gen654,33.9,4,71.1,65,4.22,1.835,19.9,1,1,4,1
Ferrari Dino_gen655,19.7,6,145.0,175,3.62,2.77,15.5,0,1,5,6
Lincoln Continental_gen656,10.4,8,460.0,215,3.0,5.424,17.82,0,0,3,4
AMC Javelin_gen657,15.2,8,304.0,150,3.15,3.435,17.3,0,0,3,2
Hornet 4 Drive_gen658,21.4,6,258.0,110,3.08,3.215,19.44,1,0,3,1
Merc 230_gen659,22.8,4,140.8,95,3.92,3.15,22.9,1,0,4,2
Ferrari Dino_gen660,19.7,6,145.0,175,3.62,2.77,15.5,0,1,5,6
Mazda RX4 Wag_gen661,21.0,6,160.0,110,3.9,2.875,17.02,0,1,4,4
Merc 450SE_gen662,16.4,8,275.8,180,3.07,4.07,17.4,0,0,3,3
Fiat X1-9_gen663,27.3,4,79.0,66,4.08,1.935,18.9,1,1,4,1
Datsun 710_gen664,22.8,4,108.0,93,3.85,2.32,18.61,1,1,4,1
Porsche 914-2_gen665,26.0,4,120.3,91,4.43,2.14,16.7,0,1,5,2
Merc 280C_gen666,17.8,6,167.6,123,3.92,3.44,18.9,1,0,4,4
Merc 280C_gen667,17.8,6,167.6,123,3.92,3.44,18.9,1,0,4,4
Merc 450SLC_gen668,15.2,8,275.8,180,3.07,3.78,18.0,0,0,3,3
Maserati Bora_gen669,15.0,8,301.0,335,3.54,3.57,14.6,0,1,5,8
Merc 280C_gen670,17.8,6,167.6,123,3.92,3.44,18.9,1,0,4,4
Toyota Corona_gen671,21.5,4,120.1,97,3.7,2.465,20.01,1,0,3,1
Porsche 914-2_gen672,26.0,4,120.3,91,4.43,2.14,16.7,0,1,5,2
Toyota Corona_gen673,21.5,4,120.1,97,3.7,2.465,20.01,1,0,3,1
Duster 360_gen674,14.3,8,360.0,245,3.21,3.57,15.84,0,0,3,4
Ford Pantera L_gen675,15.8,8,351.0,264,4.22,3.17,14.5,0,1,5,4
Fiat X1-9_gen676,27.3,4,79.0,66,4.08,1.935,18.9,1,1,4,1
Fiat X1-9_gen677,27.3,4,79.0,66,4.08,1.935,18.9,1,1,4,1
Lotus Europa_gen678,30.4,4,95.1,113,3.77,1.513,16.9,1,1,5,2
Cadillac Fleetwood_gen679,10.4,8,472.0,205,2.93,5.25,17.98,0,0,3,4
Maserati Bora_gen680,15.0,8,301.0,335,3.54,3.57,14.6,0,1,5,8
Hornet 4 Drive_gen681,21.4,6,258.0,110,3.08,3.215,19.44,1,0,3,1
Cadillac Fleetwood_gen682,10.4,8,472.0,205,2.93,5.25,17.98,0,0,3,4
Mazda RX4_gen683,21.0,6,160.0,110,3.9,2.62,16.46,0,1,4,4
Mazda RX4_gen684,21.0,6,160.0,110,3.9,2.62,16.46,0,1,4,4
Toyota Corona_gen685,21.5,4,120.1,97,3.7,2.465,20.01,1,0,3,1
Merc 450SL_gen686,17.3,8,275.8,180,3.07,3.73,17.6,0,0,3,3
Ford Pantera L_gen687,15.8,8,351.0,264,4.22,3.17,14.5,0,1,5,4
Valiant_gen688,18.1,6,225.0,105,2.76,3.46,20.22,1,0,3,1
Datsun 710_gen689,22.8,4,108.0,93,3.85,2.32,18.61,1,1,4,1
Toyota Corona_gen690,21.5,4,120.1,97,3.7,2.465,20.01,1,0,3,1
Merc 230_gen691,22.8,4,140.8,95,3.92,3.15,22.9,1,0,4,2
Cadillac Fleetwood_gen692,10.4,8,472.0,205,2.93,5.25,17.98,0,0,3,4
Merc 450SLC_gen693,15.2,8,275.8,180,3.07,3.78,18.0,0,0,3,3
Toyota Corona_gen694,21.5,4,120.1,97,3.7,2.465,20.01,1,0,3,1
Merc 450SE_gen695,16.4,8,275.8,180,3.07,4.07,17.4,0,0,3,3
Porsche 914-2_gen696,26.0,4,120.3,91,4.43,2.14,16.7,0,1,5,2
Pontiac Firebird_gen697,19.2,8,400.0,175,3.08,3.845,17.05,0,0,3,2
Datsun 710_gen698,22.8,4,108.0,93,3.85,2.32,18.61,1,1,4,1
Ford Pantera L_gen699,15.8,8,351.0,264,4.22,3.17,14.5,0,1,5,4
Hornet Sportabout_gen700,18.7,8,360.0,175,3.15,3.44,17.02,0,0,3,2
AMC Javelin_gen701,15.2,8,304.0,150,3.15,3.435,17.3,0,0,3,2
Camaro Z28_gen702,13.3,8,350.0,245,3.73,3.84,15.41,0,0,3,4
Ferrari Dino_gen703,19.7,6,145.0,175,3.62,2.77,15.5,0,1,5,6
Duster 360_gen704,14.3,8,360.0,245,3.21,3.57,15.84,0,0,3,4
Merc 280C_gen705,17.8,6,167.6,123,3.92,3.44,18.9,1,0,4,4
Merc 230_gen706,22.8,4,140.8,95,3.92,3.15,22.9,1,0,4,2
Lincoln Continental_gen707,10.4,8,460.0,215,3.0,5.424,17.82,0,0,3,4
Cadillac Fleetwood_gen708,10.4,8,472.0,205,2.93,5.25,17.98,0,0,3,4
Maserati Bora_gen709,15.0,8,301.0,335,3.54,3.57,14.6,0,1,5,8
Merc 230_gen710,22.8,4,140.8,95,3.92,3.15,22.9,1,0,4,2
Datsun 710_gen711,22.8,4,108.0,93,3.85,2.32,18.61,1,1,4,1
Ferrari Dino_gen712,19.7,6,145.0,175,3.62,2.77,15.5,0,1,5,6
Ford Pantera L_gen713,15.8,8,351.0,264,4.22,3.17,14.5,0,1,5,4
Chrysler Imperial_gen714,14.7,8,440.0,230,3.23,5.345,17.42,0,0,3,4
Ferrari Dino_gen715,19.7,6,145.0,175,3.62,2.77,15.5,0,1,5,6
Valiant_gen716,18.1,6,225.0,105,2.76,3.46,20.22,1,0,3,1
Merc 280_gen717,19.2,6,167.6,123,3.92,3.44,18.3,1,0,4,4
Merc 450SL_gen718,17.3,8,275.8,180,3.07,3.73,17.6,0,0,3,3
Dodge Challenger_gen719,15.5,8,318.0,150,2.76,3.52,16.87,0,0,3,2
Merc 450SE_gen720,16.4,8,275.8,180,3.07,4.07,17.4,0,0,3,3
Hornet Sportabout_gen721,18.7,8,360.0,175,3.15,3.44,17.02,0,0,3,2
Hornet Sportabout_gen722,18.7,8,360.0,175,3.15,3.44,17.02,0,0,3,2
Valiant_gen723,18.1,6,225.0,105,2.76,3.46,20.22,1,0,3,1
Hornet Sportabout_gen724,18.7,8,360.0,175,3.15,3.44,17.02,0,0,3,2
Toyota Corona_gen725,21.5,4,120.1,97,3.7,2.465,20.01,1,0,3,1
Maserati Bora_gen726,15.0,8,301.0,335,3.54,3.57,14.6,0,1,5,8
Merc 240D_gen727,24.4,4,146.7,62,3.69,3.19,20.0,1,0,4,2
Datsun 710_gen728,22.8,4,108.0,93,3.85,2.32,18.61,1,1,4,1
Merc 240D_gen729,24.4,4,146.7,62,3.69,3.19,20.0,1,0,4,2
Hornet Sportabout_gen730,18.7,8,360.0,175,3.15,3.44,17.02,0,0,3,2
Ford Pantera L_gen731,15.8,8,351.0,264,4.22,3.17,14.5,0,1,5,4
Volvo 142E_gen732,21.4,4,121.0,109,4.11,2.78,18.6,1,1,4,2
Merc 240D_gen733,24.4,4,146.7,62,3.69,3.19,20.0,1,0,4,2
Toyota Corolla_gen734,33.9,4,71.1,65,4.22,1.835,19.9,1,1,4,1
Camaro Z28_gen735,13.3,8,350.0,245,3.73,3.84,15.41,0,0,3,4
Valiant_gen736,18.1,6,225.0,105,2.76,3.46,20.22,1,0,3,1
Mazda RX4_gen737,21.0,6,160.0,110,3.9,2.62,16.46,0,1,4,4
Merc 280C_gen738,17.8,6,167.6,123,3.92,3.44,18.9,1,0,4,4
Fiat X1-9_gen739,27.3,4,79.0,66,4.08,1.935,18.9,1,1,4,1
Mazda RX4 Wag_gen740,21.0,6,160.0,110,3.9,2.875,17.02,0,1,4,4
Datsun 710_gen741,22.8,4,108.0,93,3.85,2.32,18.61,1,1,4,1
Duster 360_gen742,14.3,8,360.0,245,3.21,3.57,15.84,0,0,3,4
Merc 450SE_gen743,16.4,8,275.8,180,3.07,4.07,17.4,0,0,3,3
Merc 450SL_gen744,17.3,8,275.8,180,3.07,3.73,17.6,0,0,3,3
Merc 230_gen745,22.8,4,140.8,95,3.92,3.15,22.9,1,0,4,2
Porsche 914-2_gen746,26.0,4,120.3,91,4.43,2.14,16.7,0,1,5,2
Ford Pantera L_gen747,15.8,8,351.0,264,4.22,3.17,14.5,0,1,5,4
Ford Pantera L_gen748,15.8,8,351.0,264,4.22,3.17,14.5,0,1,5,4
Merc 240D_gen749,24.4,4,146.7,62,3.69,3.19,20.0,1,0,4,2
AMC Javelin_gen750,15.2,8,304.0,150,3.15,3.435,17.3,0,0,3,2
Toyota Corona_gen751,21.5,4,120.1,97,3.7,2.465,20.01,1,0,3,1
Ford Pantera L_gen752,15.8,8,351.0,264,4.22,3.17,14.5,0,1,5,4
Cadillac Fleetwood_gen753,10.4,8,472.0,205,2.93,5.25,17.98,0,0,3,4
AMC Javelin_gen754,15.2,8,304.0,150,3.15,3.435,17.3,0,0,3,2
Toyota Corona_gen755,21.5,4,120.1,97,3.7,2.465,20.01,1,0,3,1
Hornet Sportabout_gen756,18.7,8,360.0,175,3.15,3.44,17.02,0,0,3,2
Merc 450SL_gen757,17.3,8,275.8,180,3.07,3.73,17.6,0,0,3,3
Ferrari Dino_gen758,19.7,6,145.0,175,3.62,2.77,15.5,0,1,5,6
Porsche 914-2_gen759,26.0,4,120.3,91,4.43,2.14,16.7,0,1,5,2
Hornet Sportabout_gen760,18.7,8,360.0,175,3.15,3.44,17.02,0,0,3,2
Ford Pantera L_gen761,15.8,8,351.0,264,4.22,3.17,14.5,0,1,5,4
Camaro Z28_gen762,13.3,8,350.0,245,3.73,3.84,15.41,0,0,3,4
Lotus Europa_gen763,30.4,4,95.1,113,3.77,1.513,16.9,1,1,5,2
Toyota Corona_gen764,21.5,4,120.1,97,3.7,2.465,20.01,1,0,3,1
Merc 450SL_gen765,17.3,8,275.8,180,3.07,3.73,17.6,0,0,3,3
Maserati Bora_gen766,15.0,8,301.0,335,3.54,3.57,14.6,0,1,5,8
Merc 240D_gen767,24.4,4,146.7,62,3.69,3.19,20.0,1,0,4,2
Hornet 4 Drive_gen768,21.4,6,258.0,110,3.08,3.215,19.44,1,0,3,1
Merc 280C_gen769,17.8,6,167.6,123,3.92,3.44,18.9,1,0,4,4
Dodge Challenger_gen770,15.5,8,318.0,150,2.76,3.52,16.87,0,0,3,2
Mazda RX4 Wag_gen771,21.0,6,160.0,110,3.9,2.875,17.02,0,1,4,4
AMC Javelin_gen772,15.2,8,304.0,150,3.15,3.435,17.3,0,0,3,2
Lincoln Continental_gen773,10.4,8,460.0,215,3.0,5.424,17.82,0,0,3,4
Hornet 4 Drive_gen774,21.4,6,258.0,110,3.08,3.215,19.44,1,0,3,1
Toyota Corona_gen775,21.5,4,120.1,97,3.7,2.465,20.01,1,0,3,1
Merc 450SL_gen776,17.3,8,275.8,180,3.07,3.73,17.6,0,0,3,3
Ferrari Dino_gen777,19.7,6,145.0,175,3.62,2.77,15.5,0,1,5,6
Hornet 4 Drive_gen778,21.4,6,258.0,110,3.08,3.215,19.44,1,0,3,1
Camaro Z28_gen779,13.3,8,350.0,245,3.73,3.84,15.41,0,0,3,4
Maserati Bora_gen780,15.0,8,301.0,335,3.54,3.57,14.6,0,1,5,8
Honda Civic_gen781,30.4,4,75.7,52,4.93,1.615,18.52,1,1,4,2
Merc 240D_gen782,24.4,4,146.7,62,3.69,3.19,20.0,1,0,4,2
Mazda RX4 Wag_gen783,21.0,6,160.0,110,3.9,2.875,17.02,0,1,4,4
Lincoln Continental_gen784,10.4,8,460.0,215,3.0,5.424,17.82,0,0,3,4
Maserati Bora_gen785,15.0,8,301.0,335,3.54,3.57,14.6,0,1,5,8
Valiant_gen786,18.1,6,225.0,105,2.76,3.46,20.22,1,0,3,1
Fiat 128_gen787,32.4,4,78.7,66,4.08,2.2,19.47,1,1,4,1
Merc 450SE_gen788,16.4,8,275.8,180,3.07,4.07,17.4,0,0,3,3
Lincoln Continental_gen789,10.4,8,460.0,215,3.0,5.424,17.82,0,0,3,4
Fiat 128_gen790,32.4,4,78.7,66,4.08,2.2,19.47,1,1,4,1
Toyota Corona_gen791,21.5,4,120.1,97,3.7,2.465,20.01,1,0,3,1
Duster 360_gen792,14.3,8,360.0,245,3.21,3.57,15.84,0,0,3,4
Merc 280_gen793,19.2,6,167.6,123,3.92,3.44,18.3,1,0,4,4
AMC Javelin_gen794,15.2,8,304.0,150,3.15,3.435,17.3,0,0,3,2
Mazda RX4_gen795,21.0,6,160.0,110,3.9,2.62,16.46,0,1,4,4
Dodge Challenger_gen796,15.5,8,318.0,150,2.76,3.52,16.87,0,0,3,2
Camaro Z28_gen797,13.3,8,350.0,245,3.73,3.84,15.41,0,0,3,4
Ford Pantera L_gen798,15.8,8,351.0,264,4.22,3.17,14.5,0,1,5,4
Merc 450SLC_gen799,15.2,8,275.8,180,3.07,3.78,18.0,0,0,3,3
Merc 240D_gen800,24.4,4,146.7,62,3.69,3.19,20.0,1,0,4,2
Maserati Bora_gen801,15.0,8,301.0,335,3.54,3.57,14.6,0,1,5,8
Merc 280_gen802,19.2,6,167.6,123,3.92,3.44,18.3,1,0,4,4
Volvo 142E_gen803,21.4,4,121.0,109,4.11,2.78,18.6,1,1,4,2
Merc 240D_gen804,24.4,4,146.7,62,3.69,3.19,20.0,1,0,4,2
Toyota Corolla_gen805,33.9,4,71.1,65,4.22,1.835,19.9,1,1,4,1
Merc 450SLC_gen806,15.2,8,275.8,180,3.07,3.78,18.0,0,0,3,3
Merc 230_gen807,22.8,4,140.8,95,3.92,3.15,22.9,1,0,4,2
Merc 280_gen808,19.2,6,167.6,123,3.92,3.44,18.3,1,0,4,4
Cadillac Fleetwood_gen809,10.4,8,472.0,205,2.93,5.25,17.98,0,0,3,4
Datsun 710_gen810,22.8,4,108.0,93,3.85,2.32,18.61,1,1,4,1
Merc 280C_gen811,17.8,6,167.6,123,3.92,3.44,18.9,1,0,4,4
Merc 240D_gen812,24.4,4,146.7,62,3.69,3.19,20.0,1,0,4,2
Fiat X1-9_gen813,27.3,4,79.0,66,4.08,1.935,18.9,1,1,4,1
Lincoln Continental_gen814,10.4,8,460.0,215,3.0,5.424,17.82,0,0,3,4
Datsun 710_gen815,22.8,4,108.0,93,3.85,2.32,18.61,1,1,4,1
Camaro Z28_gen816,13.3,8,350.0,245,3.73,3.84,15.41,0,0,3,4
Camaro Z28_gen817,13.3,8,350.0,245,3.73,3.84,15.41,0,0,3,4
Maserati Bora_gen818,15.0,8,301.0,335,3.54,3.57,14.6,0,1,5,8
Valiant_gen819,18.1,6,225.0,105,2.76,3.46,20.22,1,0,3,1
Dodge Challenger_gen820,15.5,8,318.0,150,2.76,3.52,16.87,0,0,3,2
AMC Javelin_gen821,15.2,8,304.0,150,3.15,3.435,17.3,0,0,3,2
Honda Civic_gen822,30.4,4,75.7,52,4.93,1.615,18.52,1,1,4,2
Merc 230_gen823,22.8,4,140.8,95,3.92,3.15,22.9,1,0,4,2
Ferrari Dino_gen824,19.7,6,145.0,175,3.62,2.77,15.5,0,1,5,6
Toyota Corona_gen825,21.5,4,120.1,97,3.7,2.465,20.01,1,0,3,1
Porsche 914-2_gen826,26.0,4,120.3,91,4.43,2.14,16.7,0,1,5,2
Merc 230_gen827,22.8,4,140.8,95,3.92,3.15,22.9,1,0,4,2
Ferrari Dino_gen828,19.7,6,145.0,175,3.62,2.77,15.5,0,1,5,6
Merc 280C_gen829,17.8,6,167.6,123,3.92,3.44,18.9,1,0,4,4
Porsche 914-2_gen830,26.0,4,120.3,91,4.43,2.14,16.7,0,1,5,2
Merc 280_gen831,19.2,6,167.6,123,3.92,3.44,18.3,1,0,4,4
Ferrari Dino_gen832,19.7,6,145.0,175,3.62,2.77,15.5,0,1,5,6
Merc 240D_gen833,24.4,4,146.7,62,3.69,3.19,20.0,1,0,4,2
Porsche 914-2_gen834,26.0,4,120.3,91,4.43,2.14,16.7,0,1,5,2
Merc 230_gen835,22.8,4,140.8,95,3.92,3.15,22.9,1,0,4,2
Volvo 142E_gen836,21.4,4,121.0,109,4.11,2.78,18.6,1,1,4,2
Chrysler Imperial_gen837,14.7,8,440.0,230,3.23,5.345,17.42,0,0,3,4
Lincoln Continental_gen838,10.4,8,460.0,215,3.0,5.424,17.82,0,0,3,4
Toyota Corolla_gen839,33.9,4,71.1,65,4.22,1.835,19.9,1,1,4,1
Merc 450SE_gen840,16.4,8,275.8,180,3.07,4.07,17.4,0,0,3,3
Ford Pantera L_gen841,15.8,8,351.0,264,4.22,3.17,14.5,0,1,5,4
Valiant_gen842,18.1,6,225.0,105,2.76,3.46,20.22,1,0,3,1
Fiat X1-9_gen843,27.3,4,79.0,66,4.08,1.935,18.9,1,1,4,1
Toyota Corona_gen844,21.5,4,120.1,97,3.7,2.465,20.01,1,0,3,1
Cadillac Fleetwood_gen845,10.4,8,472.0,205,2.93,5.25,17.98,0,0,3,4
Fiat X1-9_gen846,27.3,4,79.0,66,4.08,1.935,18.9,1,1,4,1
Merc 450SLC_gen847,15.2,8,275.8,180,3.07,3.78,18.0,0,0,3,3
Chrysler Imperial_gen848,14.7,8,440.0,230,3.23,5.345,17.42,0,0,3,4
Camaro Z28_gen849,13.3,8,350.0,245,3.73,3.84,15.41,0,0,3,4
Mazda RX4_gen850,21.0,6,160.0,110,3.9,2.62,16.46,0,1,4,4
Ford Pantera L_gen851,15.8,8,351.0,264,4.22,3.17,14.5,0,1,5,4
Merc 450SL_gen852,17.3,8,275.8,180,3.07,3.73,17.6,0,0,3,3
Ford Pantera L_gen853,15.8,8,351.0,264,4.22,3.17,14.5,0,1,5,4
Chrysler Imperial_gen854,14.7,8,440.0,230,3.23,5.345,17.42,0,0,3,4
Toyota Corona_gen855,21.5,4,120.1,97,3.7,2.465,20.01,1,0,3,1
Maserati Bora_gen856,15.0,8,301.0,335,3.54,3.57,14.6,0,1,5,8
Merc 280_gen857,19.2,6,167.6,123,3.92,3.44,18.3,1,0,4,4
Maserati Bora_gen858,15.0,8,301.0,335,3.54,3.57,14.6,0,1,5,8
Merc 450SLC_gen859,15.2,8,275.8,180,3.07,3.78,18.0,0,0,3,3
Hornet 4 Drive_gen860,21.4,6,258.0,110,3.08,3.215,19.44,1,0,3,1
Volvo 142E_gen861,21.4,4,121.0,109,4.11,2.78,18.6,1,1,4,2
Merc 280C_gen862,17.8,6,167.6,123,3.92,3.44,18.9,1,0,4,4
Chrysler Imperial_gen863,14.7,8,440.0,230,3.23,5.345,17.42,0,0,3,4
Maserati Bora_gen864,15.0,8,301.0,335,3.54,3.57,14.6,0,1,5,8
Hornet Sportabout_gen865,18.7,8,360.0,175,3.15,3.44,17.02,0,0,3,2
Volvo 142E_gen866,21.4,4,121.0,109,4.11,2.78,18.6,1,1,4,2
Merc 230_gen867,22.8,4,140.8,95,3.92,3.15,22.9,1,0,4,2
Cadillac Fleetwood_gen868,10.4,8,472.0,205,2.93,5.25,17.98,0,0,3,4
Cadillac Fleetwood_gen869,10.4,8,472.0,205,2.93,5.25,17.98,0,0,3,4
Lotus Europa_gen870,30.4,4,95.1,113,3.77,1.513,16.9,1,1,5,2
Hornet Sportabout_gen871,18.7,8,360.0,175,3.15,3.44,17.02,0,0,3,2
Merc 280C_gen872,17.8,6,167.6,123,3.92,3.44,18.9,1,0,4,4
Porsche 914-2_gen873,26.0,4,120.3,91,4.43,2.14,16.7,0,1,5,2
Toyota Corolla_gen874,33.9,4,71.1,65,4.22,1.835,19.9,1,1,4,1
Merc 280_gen875,19.2,6,167.6,123,3.92,3.44,18.3,1,0,4,4
Mazda RX4 Wag_gen876,21.0,6,160.0,110,3.9,2.875,17.02,0,1,4,4
Ford Pantera L_gen877,15.8,8,351.0,264,4.22,3.17,14.5,0,1,5,4
Honda Civic_gen878,30.4,4,75.7,52,4.93,1.615,18.52,1,1,4,2
Lotus Europa_gen879,30.4,4,95.1,113,3.77,1.513,16.9,1,1,5,2
Lincoln Continental_gen880,10.4,8,460.0,215,3.0,5.424,17.82,0,0,3,4
Merc 450SLC_gen881,15.2,8,275.8,180,3.07,3.78,18.0,0,0,3,3
Camaro Z28_gen882,13.3,8,350.0,245,3.73,3.84,15.41,0,0,3,4
Duster 360_gen883,14.3,8,360.0,245,3.21,3.57,15.84,0,0,3,4
Mazda RX4 Wag_gen884,21.0,6,160.0,110,3.9,2.875,17.02,0,1,4,4
Pontiac Firebird_gen885,19.2,8,400.0,175,3.08,3.845,17.05,0,0,3,2
Ferrari Dino_gen886,19.7,6,145.0,175,3.62,2.77,15.5,0,1,5,6
Maserati Bora_gen887,15.0,8,301.0,335,3.54,3.57,14.6,0,1,5,8
Mazda RX4_gen888,21.0,6,160.0,110,3.9,2.62,16.46,0,1,4,4
AMC Javelin_gen889,15.2,8,304.0,150,3.15,3.435,17.3,0,0,3,2
Datsun 710_gen890,22.8,4,108.0,93,3.85,2.32,18.61,1,1,4,1
Datsun 710_gen891,22.8,4,108.0,93,3.85,2.32,18.61,1,1,4,1
Cadillac Fleetwood_gen892,10.4,8,472.0,205,2.93,5.25,17.98,0,0,3,4
Camaro Z28_gen893,13.3,8,350.0,245,3.73,3.84,15.41,0,0,3,4
Lotus Europa_gen894,30.4,4,95.1,113,3.77,1.513,16.9,1,1,5,2
Merc 450SE_gen895,16.4,8,275.8,180,3.07,4.07,17.4,0,0,3,3
AMC Javelin_gen896,15.2,8,304.0,150,3.15,3.435,17.3,0,0,3,2
Duster 360_gen897,14.3,8,360.0,245,3.21,3.57,15.84,0,0,3,4
Lotus Europa_gen898,30.4,4,95.1,113,3.77,1.513,16.9,1,1,5,2
Datsun 710_gen899,22.8,4,108.0,93,3.85,2.32,18.61,1,1,4,1
Camaro Z28_gen900,13.3,8,350.0,245,3.73,3.84,15.41,0,0,3,4
Merc 280C_gen901,17.8,6,167.6,123,3.92,3.44,18.9,1,0,4,4
Cadillac Fleetwood_gen902,10.4,8,472.0,205,2.93,5.25,17.98,0,0,3,4
Merc 450SL_gen903,17.3,8,275.8,180,3.07,3.73,17.6,0,0,3,3
Pontiac Firebird_gen904,19.2,8,400.0,175,3.08,3.845,17.05,0,0,3,2
Merc 230_gen905,22.8,4,140.8,95,3.92,3.15,22.9,1,0,4,2
Merc 450SL_gen906,17.3,8,275.8,180,3.07,3.73,17.6,0,0,3,3
Honda Civic_gen907,30.4,4,75.7,52,4.93,1.615,18.52,1,1,4,2
Merc 280_gen908,19.2,6,167.6,123,3.92,3.44,18.3,1,0,4,4
Ferrari Dino_gen909,19.7,6,145.0,175,3.62,2.77,15.5,0,1,5,6
Lincoln Continental_gen910,10.4,8,460.0,215,3.0,5.424,17.82,0,0,3,4
Merc 240D_gen911,24.4,4,146.7,62,3.69,3.19,20.0,1,0,4,2
Mazda RX4 Wag_gen912,21.0,6,160.0,110,3.9,2.875,17.02,0,1,4,4
Cadillac Fleetwood_gen913,10.4,8,472.0,205,2.93,5.25,17.98,0,0,3,4
Maserati Bora_gen914,15.0,8,301.0,335,3.54,3.57,14.6,0,1,5,8
Hornet 4 Drive_gen915,21.4,6,258.0,110,3.08,3.215,19.44,1,0,3,1
Porsche 914-2_gen916,26.0,4,120.3,91,4.43,2.14,16.7,0,1,5,2
Toyota Corolla_gen917,33.9,4,71.1,65,4.22,1.835,19.9,1,1,4,1
Mazda RX4_gen918,21.0,6,160.0,110,3.9,2.62,16.46,0,1,4,4
Pontiac Firebird_gen919,19.2,8,400.0,175,3.08,3.845,17.05,0,0,3,2
Merc 280_gen920,19.2,6,167.6,123,3.92,3.44,18.3,1,0,4,4
Volvo 142E_gen921,21.4,4,121.0,109,4.11,2.78,18.6,1,1,4,2
AMC Javelin_gen922,15.2,8,304.0,150,3.15,3.435,17.3,0,0,3,2
Toyota Corolla_gen923,33.9,4,71.1,65,4.22,1.835,19.9,1,1,4,1
Merc 280_gen924,19.2,6,167.6,123,3.92,3.44,18.3,1,0,4,4
Chrysler Imperial_gen925,14.7,8,440.0,230,3.23,5.345,17.42,0,0,3,4
Valiant_gen926,18.1,6,225.0,105,2.76,3.46,20.22,1,0,3,1
Duster 360_gen927,14.3,8,360.0,245,3.21,3.57,15.84,0,0,3,4
Merc 280C_gen928,17.8,6,167.6,123,3.92,3.44,18.9,1,0,4,4
Cadillac Fleetwood_gen929,10.4,8,472.0,205,2.93,5.25,17.98,0,0,3,4
Mazda RX4 Wag_gen930,21.0,6,160.0,110,3.9,2.875,17.02,0,1,4,4
Merc 450SE_gen931,16.4,8,275.8,180,3.07,4.07,17.4,0,0,3,3
Pontiac Firebird_gen932,19.2,8,400.0,175,3.08,3.845,17.05,0,0,3,2
Chrysler Imperial_gen933,14.7,8,440.0,230,3.23,5.345,17.42,0,0,3,4
Fiat X1-9_gen934,27.3,4,79.0,66,4.08,1.935,18.9,1,1,4,1
Merc 450SL_gen935,17.3,8,275.8,180,3.07,3.73,17.6,0,0,3,3
Merc 450SE_gen936,16.4,8,275.8,180,3.07,4.07,17.4,0,0,3,3
Camaro Z28_gen937,13.3,8,350.0,245,3.73,3.84,15.41,0,0,3,4
Toyota Corolla_gen938,33.9,4,71.1,65,4.22,1.835,19.9,1,1,4,1
Merc 280_gen939,19.2,6,167.6,123,3.92,3.44,18.3,1,0,4,4
Toyota Corolla_gen940,33.9,4,71.1,65,4.22,1.835,19.9,1,1,4,1
Ford Pantera L_gen941,15.8,8,351.0,264,4.22,3.17,14.5,0,1,5,4
Lincoln Continental_gen942,10.4,8,460.0,215,3.0,5.424,17.82,0,0,3,4
Merc 240D_gen943,24.4,4,146.7,62,3.69,3.19,20.0,1,0,4,2
Maserati Bora_gen944,15.0,8,301.0,335,3.54,3.57,14.6,0,1,5,8
Mazda RX4 Wag_gen945,21.0,6,160.0,110,3.9,2.875,17.02,0,1,4,4
Camaro Z28_gen946,13.3,8,350.0,245,3.73,3.84,15.41,0,0,3,4
Datsun 710_gen947,22.8,4,108.0,93,3.85,2.32,18.61,1,1,4,1
Honda Civic_gen948,30.4,4,75.7,52,4.93,1.615,18.52,1,1,4,2
Camaro Z28_gen949,13.3,8,350.0,245,3.73,3.84,15.41,0,0,3,4
Maserati Bora_gen950,15.0,8,301.0,335,3.54,3.57,14.6,0,1,5,8
Merc 450SLC_gen951,15.2,8,275.8,180,3.07,3.78,18.0,0,0,3,3
Mazda RX4 Wag_gen952,21.0,6,160.0,110,3.9,2.875,17.02,0,1,4,4
Fiat X1-9_gen953,27.3,4,79.0,66,4.08,1.935,18.9,1,1,4,1
Toyota Corona_gen954,21.5,4,120.1,97,3.7,2.465,20.01,1,0,3,1
Merc 280C_gen955,17.8,6,167.6,123,3.92,3.44,18.9,1,0,4,4
Merc 280C_gen956,17.8,6,167.6,123,3.92,3.44,18.9,1,0,4,4
Valiant_gen957,18.1,6,225.0,105,2.76,3.46,20.22,1,0,3,1
Porsche 914-2_gen958,26.0,4,120.3,91,4.43,2.14,16.7,0,1,5,2
Merc 240D_gen959,24.4,4,146.7,62,3.69,3.19,20.0,1,0,4,2
Datsun 710_gen960,22.8,4,108.0,93,3.85,2.32,18.61,1,1,4,1
Chrysler Imperial_gen961,14.7,8,440.0,230,3.23,5.345,17.42,0,0,3,4
Mazda RX4 Wag_gen962,21.0,6,160.0,110,3.9,2.875,17.02,0,1,4,4
Merc 230_gen963,22.8,4,140.8,95,3.92,3.15,22.9,1,0,4,2
Ferrari Dino_gen964,19.7,6,145.0,175,3.62,2.77,15.5,0,1,5,6
Merc 280C_gen965,17.8,6,167.6,123,3.92,3.44,18.9,1,0,4,4
Ferrari Dino_gen966,19.7,6,145.0,175,3.62,2.77,15.5,0,1,5,6
Mazda RX4 Wag_gen967,21.0,6,160.0,110,3.9,2.875,17.02,0,1,4,4
Merc 450SLC_gen968,15.2,8,275.8,180,3.07,3.78,18.0,0,0,3,3
Valiant_gen969,18.1,6,225.0,105,2.76,3.46,20.22,1,0,3,1
Ford Pantera L_gen970,15.8,8,351.0,264,4.22,3.17,14.5,0,1,5,4
Cadillac Fleetwood_gen971,10.4,8,472.0,205,2.93,5.25,17.98,0,0,3,4
Merc 450SLC_gen972,15.2,8,275.8,180,3.07,3.78,18.0,0,0,3,3
Pontiac Firebird_gen973,19.2,8,400.0,175,3.08,3.845,17.05,0,0,3,2
Maserati Bora_gen974,15.0,8,301.0,335,3.54,3.57,14.6,0,1,5,8
Mazda RX4 Wag_gen975,21.0,6,160.0,110,3.9,2.875,17.02,0,1,4,4
Chrysler Imperial_gen976,14.7,8,440.0,230,3.23,5.345,17.42,0,0,3,4
Merc 280C_gen977,17.8,6,167.6,123,3.92,3.44,18.9,1,0,4,4
Ferrari Dino_gen978,19.7,6,145.0,175,3.62,2.77,15.5,0,1,5,6
Mazda RX4_gen979,21.0,6,160.0,110,3.9,2.62,16.46,0,1,4,4
Honda Civic_gen980,30.4,4,75.7,52,4.93,1.615,18.52,1,1,4,2
Mazda RX4 Wag_gen981,21.0,6,160.0,110,3.9,2.875,17.02,0,1,4,4
Duster 360_gen982,14.3,8,360.0,245,3.21,3.57,15.84,0,0,3,4
Toyota Corona_gen983,21.5,4,120.1,97,3.7,2.465,20.01,1,0,3,1
Lotus Europa_gen984,30.4,4,95.1,113,3.77,1.513,16.9,1,1,5,2
Ferrari Dino_gen985,19.7,6,145.0,175,3.62,2.77,15.5,0,1,5,6
Lincoln Continental_gen986,10.4,8,460.0,215,3.0,5.424,17.82,0,0,3,4
Merc 280C_gen987,17.8,6,167.6,123,3.92,3.44,18.9,1,0,4,4
Toyota Corona_gen988,21.5,4,120.1,97,3.7,2.465,20.01,1,0,3,1
Camaro Z28_gen989,13.3,8,350.0,245,3.73,3.84,15.41,0,0,3,4
Merc 450SLC_gen990,15.2,8,275.8,180,3.07,3.78,18.0,0,0,3,3
Datsun 710_gen991,22.8,4,108.0,93,3.85,2.32,18.61,1,1,4,1
Mazda RX4 Wag_gen992,21.0,6,160.0,110,3.9,2.875,17.02,0,1,4,4
Lincoln Continental_gen993,10.4,8,460.0,215,3.0,5.424,17.82,0,0,3,4
Hornet 4 Drive_gen994,21.4,6,258.0,110,3.08,3.215,19.44,1,0,3,1
Ferrari Dino_gen995,19.7,6,145.0,175,3.62,2.77,15.5,0,1,5,6
Camaro Z28_gen996,13.3,8,350.0,245,3.73,3.84,15.41,0,0,3,4
Camaro Z28_gen997,13.3,8,350.0,245,3.73,3.84,15.41,0,0,3,4
Hornet 4 Drive_gen998,21.4,6,258.0,110,3.08,3.215,19.44,1,0,3,1
Datsun 710_gen999,22.8,4,108.0,93,3.85,2.32,18.61,1,1,4,1
